shift,target,feature_set,seed,fit_seconds,macro_f1,accuracy,roc_auc,avg_precision,fpr,fnr,n_test,macro_f1_lo95,macro_f1_hi95,transfer_dimension
in_distribution,SYN_0311,full,42,13.4,0.9670179602048603,0.99994,0.999997219406483,0.9999999987867325,0.0,6.0025510842107895e-05,400000,0.952628062199895,0.9797297600692352,
in_distribution,SYN_0311,full,123,13.4,0.9683051777030329,0.9999425,0.9999966382771501,0.9999999985490491,0.0,5.75244478903534e-05,400000,0.9533027044270583,0.9803312159880524,
in_distribution,SYN_0311,full,456,13.6,0.9655491061989487,0.9999375,0.9999972561868206,0.9999999988180496,0.0058823529411764705,6.0025510842107895e-05,400000,0.9518286355167966,0.9776254277921864,
in_distribution,SYN_0311,cic_only,42,14.1,0.9899091677701082,0.9999825,0.9999962263373698,0.9999999983864921,0.0,1.750744066228147e-05,400000,0.9819603621264996,0.9971501293213735,
in_distribution,SYN_0311,cic_only,123,14.1,0.9899091677701082,0.9999825,0.9999964102390575,0.9999999984614942,0.0,1.750744066228147e-05,400000,0.9819603621264996,0.9971501293213735,
in_distribution,SYN_0311,cic_only,456,14.1,0.9897915414907611,0.9999825,0.9999960571478173,0.99999999830516,0.011764705882352941,1.2505314758772479e-05,400000,0.9812538622563821,0.9960825908160672,
in_distribution,SYN_0311,entropy_only,42,10.5,0.5021302292869247,0.9980925,0.9075528717351934,0.9999402685279195,0.9882352941176471,0.0014881324562939248,400000,0.49950701440919304,0.5062987448981119,
in_distribution,SYN_0311,entropy_only,123,8.9,0.5030449947512963,0.9973275,0.9172528986584004,0.9999486993222313,0.9764705882352941,0.00225845984543431,400000,0.50020210554851,0.5068736482284327,
in_distribution,SYN_0311,entropy_only,456,8.7,0.5012550410503408,0.99739,0.9213518245254233,0.9999518069289599,0.9882352941176471,0.0021909311457369383,400000,0.4993265942692922,0.5041897322095935,
cross_vector,LDAP_0311,full,42,,0.9684158809101839,0.99979,0.9999704751021792,0.9999999476779842,0.07418397626112759,8.514346674145936e-05,400000,0.9618235627285994,0.9753310986175899,
cross_vector,LDAP_0311,full,123,,0.9631689943639155,0.9997575,0.999960108970559,0.9999999295295735,0.09347181008902077,8.514346674145936e-05,400000,0.9554316510047076,0.9709701957590774,
cross_vector,LDAP_0311,full,456,,0.9681773677143689,0.99979,0.9999781921112743,0.999999962405259,0.08160237388724036,7.262236869124475e-05,400000,0.9619275651331872,0.975209712241716,
cross_vector,LDAP_0311,cic_only,42,,0.9659689904039988,0.99977,0.9992719315875143,0.9999987514266241,0.06379821958456973,0.0001227067608921032,400000,0.9593401159893623,0.9732219023957573,
cross_vector,LDAP_0311,cic_only,123,,0.9694427113741562,0.999795,0.9999432370695959,0.9999999013040661,0.06379821958456973,9.766456479167397e-05,400000,0.9626780750087491,0.975746434169298,
cross_vector,LDAP_0311,cic_only,456,,0.9593719834735974,0.9997325,0.9999042247462939,0.999999835753595,0.10089020771513353,9.766456479167397e-05,400000,0.9524333897942938,0.9661220405079541,
cross_vector,LDAP_0311,entropy_only,42,,0.499578394797617,0.998315,0.6824011998793634,0.9992192217804208,1.0,0.0,400000,0.4995479823524288,0.49960939822349937,
cross_vector,LDAP_0311,entropy_only,123,,0.499578394797617,0.998315,0.7334271767958683,0.9993279429045283,1.0,0.0,400000,0.4995479823524288,0.49960939822349937,
cross_vector,LDAP_0311,entropy_only,456,,0.499578394797617,0.998315,0.7604456405928262,0.9994515602731805,1.0,0.0,400000,0.4995479823524288,0.49960939822349937,
cross_vector,NetBIOS_0311,full,42,,0.7771683622870493,0.998785,0.999977965982499,0.9999999827034016,0.0,0.0012159210602031038,400000,0.758711565805353,0.7940515650112335,
cross_vector,NetBIOS_0311,full,123,,0.8437921153773784,0.999315,0.9999810293591125,0.9999999852069316,0.0033003300330033004,0.0006830173856696447,400000,0.8278358347295856,0.8618465195739798,
cross_vector,NetBIOS_0311,full,456,,0.8882788669265287,0.9995675,0.9999136763590168,0.9999999304858613,0.006600660066006601,0.00042782407673812913,400000,0.8695860699678025,0.9045751560465527,
cross_vector,NetBIOS_0311,cic_only,42,,0.5123596108263787,0.96563,0.9999626821277514,0.9999999706034282,0.0,0.03439605501167134,400000,0.510564938686897,0.5147026609816724,
cross_vector,NetBIOS_0311,cic_only,123,,0.7171803075282025,0.998035,0.9999778627690014,0.99999998248199,0.0,0.0019664896158840322,400000,0.7013946763745116,0.7332813577281876,
cross_vector,NetBIOS_0311,cic_only,456,,0.698242046961586,0.9977125,0.999951749754069,0.9999999591625266,0.0033003300330033004,0.002286732199641228,400000,0.6826726806304525,0.7138114290953826,
cross_vector,NetBIOS_0311,entropy_only,42,,0.4998105532470423,0.9992425,0.8499991259881009,0.9998415277928465,1.0,0.0,400000,0.499787081244606,0.49982839424794406,
cross_vector,NetBIOS_0311,entropy_only,123,,0.4998105532470423,0.9992425,0.8418771897930506,0.9998116327681112,1.0,0.0,400000,0.499787081244606,0.49982839424794406,
cross_vector,NetBIOS_0311,entropy_only,456,,0.4998105532470423,0.9992425,0.885167292276705,0.999892815592261,1.0,0.0,400000,0.499787081244606,0.49982839424794406,
cross_vector,Portmap_0311,full,42,,0.9885170948852323,0.998823270647751,0.9995700836272102,0.999988603121316,0.00362087326943557,0.0011119577794711144,181860,0.9870082942387938,0.9898952382864813,
cross_vector,Portmap_0311,full,123,,0.9839638044829422,0.9983723743538986,0.99957850041839,0.9999887839333741,0.022364217252396165,0.001078091045070979,181860,0.9821456520245886,0.9855874928718992,
cross_vector,Portmap_0311,full,456,,0.9841083789576397,0.9983888705597712,0.9995703084436579,0.9999883506472395,0.02321618743343983,0.0010385798549374878,181860,0.9823597591945012,0.9856991438568506,
cross_vector,Portmap_0311,cic_only,42,,0.9807538930428406,0.9979984603541185,0.9996340192609388,0.9999901224894338,0.004046858359957401,0.0019473372280077895,181860,0.9788475077405515,0.9827144971066818,
cross_vector,Portmap_0311,cic_only,123,,0.9844267201018732,0.9983943692950621,0.9985577724320756,0.999949666545615,0.005537806176783813,0.0015014252250726723,181860,0.982882519577917,0.9860192248166336,
cross_vector,Portmap_0311,cic_only,456,,0.9816566943943943,0.9981139337952271,0.9993639527925133,0.9999824421380501,0.013844515441959531,0.0015691586938729432,181860,0.9798022622195715,0.9833347743948437,
cross_vector,Portmap_0311,entropy_only,42,,0.4934614581157301,0.9741834378093038,0.9689394605673604,0.999106221124658,1.0,0.0,181860,0.49328846133271825,0.4936604540193939,
cross_vector,Portmap_0311,entropy_only,123,,0.4934614581157301,0.9741834378093038,0.9148299959361722,0.9967343520253258,1.0,0.0,181860,0.49328846133271825,0.4936604540193939,
cross_vector,Portmap_0311,entropy_only,456,,0.4934614581157301,0.9741834378093038,0.970898597653307,0.9991207744202096,1.0,0.0,181860,0.49328846133271825,0.4936604540193939,
cross_day,SYN_0112,full,42,,0.4763708739978118,0.90778,0.9955355989522783,0.9999997550240961,0.047619047619047616,0.09222234167293783,400000,0.47600259198932837,0.47672040744527305,
cross_day,SYN_0112,full,123,,0.47602346328063844,0.9065425,0.9944023251696904,0.999999671747506,0.047619047619047616,0.09345990664509887,400000,0.4756639615339997,0.47636429163650557,
cross_day,SYN_0112,full,456,,0.4936618465673775,0.9687625,0.994742462074497,0.9999997047012166,0.047619047619047616,0.031236639923595988,400000,0.4929018888772098,0.49442625675076346,
cross_day,SYN_0112,cic_only,42,,0.4276710425021552,0.7466575,0.9791098556483739,0.9999987458775307,0.047619047619047616,0.25335330104830506,400000,0.4271480862708483,0.4281377935598844,
cross_day,SYN_0112,cic_only,123,,0.42013127949974755,0.7239775,0.9813758674711375,0.9999988859692786,0.0,0.276036991942077,400000,0.4196201358309419,0.42064631170890715,
cross_day,SYN_0112,cic_only,456,,0.41589750260656627,0.711535,0.939922917381734,0.9999957132063877,0.047619047619047616,0.28847764507636653,400000,0.4153478916906881,0.41645896347680594,
cross_day,SYN_0112,entropy_only,42,,0.4999868746554597,0.9999475,0.8193935538758641,0.9999814629492679,1.0,0.0,400000,0.49998154619374435,0.49999312490546743,
cross_day,SYN_0112,entropy_only,123,,0.4999868746554597,0.9999475,0.9093355972617134,0.9999912592770193,1.0,0.0,400000,0.49998154619374435,0.49999312490546743,
cross_day,SYN_0112,entropy_only,456,,0.4999868746554597,0.9999475,0.8391444122244989,0.9999835767897577,1.0,0.0,400000,0.49998154619374435,0.49999312490546743,
cross_dataset,insdn,full,42,,0.40323539887833715,0.4242743047472378,0.8760346594463375,0.946619970569363,0.000920796854674871,0.8295289539408724,223372,0.4011776738422044,0.4049910391040717,87.0
cross_dataset,insdn,full,123,,0.36522297940953274,0.39510323585767243,0.886677561630748,0.9516899318813115,0.0008769493854046391,0.8715997754157713,223372,0.36346981498947145,0.36695322397748154,87.0
cross_dataset,insdn,full,456,,0.37475583280098757,0.40227960532206364,0.8854520991496959,0.9492554990549471,0.0008331019161344071,0.8612740637483625,223372,0.37279424672184797,0.3766461495786484,87.0
cross_dataset,insdn,cic_only,42,,0.23493438172732686,0.306421574772129,0.7963632960733545,0.9122049379176767,0.0008184860930443298,0.9994643537072532,223372,0.23386684443918457,0.2363170941050593,87.0
cross_dataset,insdn,cic_only,123,,0.23628117491395914,0.3072542664255144,0.8156342890957006,0.9177035781943905,0.0008184860930443298,0.9982639897259169,223372,0.23516086703662617,0.23768704916497813,87.0
cross_dataset,insdn,cic_only,456,,0.24378949543477363,0.31193256092974947,0.7903010638054957,0.9044608609249056,0.0007892544468641752,0.9915329164327248,223372,0.2425219595295826,0.24519981722381062,87.0
cross_dataset,insdn,entropy_only,42,,0.9198240125215329,0.9315178267643214,0.9779007627231809,0.9892252559985654,0.10282231543869393,0.05331939362258233,223372,0.9186131231600897,0.921075531753267,87.0
cross_dataset,insdn,entropy_only,123,,0.9243474203222104,0.9379779023333273,0.9763080376581434,0.9889416308259098,0.16175331413788568,0.01798609901066775,223372,0.9230221535330655,0.9256427474916281,87.0
cross_dataset,insdn,entropy_only,456,,0.8851789059082085,0.9005515462994467,0.9424579136728943,0.9661083735213531,0.12724535582221314,0.08717482075209902,223372,0.8837552192961591,0.8865448158582869,87.0
cross_dataset,ids2017,full,42,,0.26901452519408786,0.3656458163365937,0.5794501786407031,0.5655601199145984,0.14441242058316153,0.9982033215117097,223082,0.2678135201262495,0.27032620409015706,82.0
cross_dataset,ids2017,full,123,,0.2634795862524678,0.3566042979711496,0.5674020733083593,0.5633067862494024,0.16440863382000254,0.9991094724014561,223082,0.26239199678815145,0.2647493369654736,82.0
cross_dataset,ids2017,full,456,,0.2772347361041961,0.3760007530863091,0.5780205761318672,0.5721339143572367,0.12513148483190978,0.9944771665599075,223082,0.2760206338001434,0.27847772024980927,82.0
cross_dataset,ids2017,cic_only,42,,0.5379394835381006,0.5459741261060955,0.6266404349764598,0.7161356573623431,0.20470610510371523,0.6391800896776915,223082,0.5360985833865483,0.5399632080766418,82.0
cross_dataset,ids2017,cic_only,123,,0.5989366727015536,0.6146035986767198,0.678935905368302,0.7513612981723388,0.04700845710438844,0.63669598637649,223082,0.5971733131292957,0.6010096131012027,82.0
cross_dataset,ids2017,cic_only,456,,0.5606038096575376,0.5713549277844021,0.6641038912687586,0.7514451084884577,0.14611646400471243,0.6384614182823753,223082,0.5586265725346676,0.5626662317759211,82.0
cross_dataset,ids2017,entropy_only,42,,0.3348903505590368,0.3717960211940004,0.7152984353236721,0.7266119260626602,0.2874048049816973,0.8812942334432171,223082,0.33308411322678233,0.33655049602017534,82.0
cross_dataset,ids2017,entropy_only,123,,0.33392145501811565,0.3753642158488807,0.7111915552122237,0.7347257342795588,0.26693524634998106,0.8902776258846689,223082,0.3322208819951147,0.33560938477497665,82.0
cross_dataset,ids2017,entropy_only,456,,0.33961717168588657,0.3746783693888346,0.7124810652310442,0.7036279844654917,0.2900555391929987,0.8743028106300873,223082,0.3378203079595429,0.34133744873938754,82.0
