variant,update_index,abs_error_bits,reference_H
running_sum,50000,6.927791673660977e-14,9.921029397159854
running_sum,100000,6.572520305780927e-14,9.903029397159857
running_sum,150000,6.750155989720952e-14,9.874009847151202
running_sum,200000,6.394884621840902e-14,9.889784284662023
running_sum,250000,6.750155989720952e-14,9.879029397159856
running_sum,300000,6.039613253960852e-14,9.868764734653373
running_sum,350000,6.394884621840902e-14,9.874500072146878
running_sum,400000,6.217248937900877e-14,9.892274509657698
running_sum,450000,6.217248937900877e-14,9.890274509657697
running_sum,500000,6.217248937900877e-14,9.866274509657698
running_sum,550000,6.750155989720952e-14,9.874274509657692
running_sum,600000,6.750155989720952e-14,9.872274509657693
running_sum,650000,6.750155989720952e-14,9.901029397159856
running_sum,700000,6.572520305780927e-14,9.909784284662022
running_sum,750000,6.927791673660977e-14,9.907029397159855
running_sum,800000,6.394884621840902e-14,9.89702939715986
running_sum,850000,6.750155989720952e-14,9.895029397159856
running_sum,900000,5.861977570020827e-14,9.877519622155537
running_sum,950000,6.750155989720952e-14,9.866274509657693
running_sum,1000000,7.283063041541027e-14,9.892274509657687
running_sum,1050000,7.283063041541027e-14,9.878274509657688
running_sum,1100000,6.394884621840902e-14,9.884274509657697
running_sum,1150000,6.039613253960852e-14,9.859519622155537
running_sum,1200000,6.927791673660977e-14,9.885784284662018
running_sum,1250000,6.927791673660977e-14,9.893029397159854
running_sum,1300000,6.750155989720952e-14,9.873029397159856
running_sum,1350000,7.460698725481052e-14,9.897519622155523
running_sum,1400000,6.394884621840902e-14,9.88902939715986
running_sum,1450000,6.750155989720952e-14,9.881029397159857
running_sum,1500000,6.572520305780927e-14,9.86751962215553
running_sum,1550000,6.394884621840902e-14,9.897784284662023
running_sum,1600000,6.927791673660977e-14,9.884764734653364
running_sum,1650000,6.927791673660977e-14,9.860764734653364
running_sum,1700000,6.394884621840902e-14,9.904274509657697
running_sum,1750000,6.927791673660977e-14,9.894274509657691
running_sum,1800000,6.927791673660977e-14,9.873029397159854
running_sum,1850000,6.750155989720952e-14,9.88751962215553
running_sum,1900000,7.105427357601002e-14,9.891029397159853
running_sum,1950000,6.039613253960852e-14,9.873029397159863
running_sum,2000000,6.927791673660977e-14,9.881029397159855
running_sum,2050000,6.217248937900877e-14,9.883029397159861
running_sum,2100000,6.394884621840902e-14,9.87302939715986
running_sum,2150000,6.394884621840902e-14,9.892274509657696
running_sum,2200000,6.750155989720952e-14,9.877029397159856
running_sum,2250000,6.927791673660977e-14,9.903029397159854
running_sum,2300000,6.394884621840902e-14,9.895784284662023
running_sum,2350000,6.750155989720952e-14,9.885029397159856
running_sum,2400000,6.927791673660977e-14,9.884764734653364
running_sum,2450000,6.927791673660977e-14,9.899784284662017
running_sum,2500000,7.283063041541027e-14,9.880274509657687
running_sum,2550000,6.750155989720952e-14,9.89578428466202
running_sum,2600000,6.572520305780927e-14,9.92178428466202
running_sum,2650000,6.927791673660977e-14,9.879784284662017
running_sum,2700000,6.039613253960852e-14,9.879029397159863
running_sum,2750000,7.105427357601002e-14,9.853029397159853
running_sum,2800000,7.105427357601002e-14,9.865029397159853
running_sum,2850000,6.750155989720952e-14,9.889029397159856
running_sum,2900000,6.394884621840902e-14,9.86702939715986
running_sum,2950000,6.217248937900877e-14,9.845519622155535
running_sum,3000000,6.750155989720952e-14,9.863029397159856
running_sum,3050000,5.861977570020827e-14,9.877519622155539
running_sum,3100000,6.927791673660977e-14,9.859519622155528
running_sum,3150000,6.927791673660977e-14,9.869519622155527
running_sum,3200000,5.861977570020827e-14,9.886274509657703
running_sum,3250000,6.927791673660977e-14,9.875784284662018
running_sum,3300000,6.217248937900877e-14,9.882764734653371
running_sum,3350000,6.394884621840902e-14,9.882274509657696
running_sum,3400000,6.750155989720952e-14,9.895029397159856
running_sum,3450000,6.750155989720952e-14,9.875029397159857
running_sum,3500000,7.283063041541027e-14,9.883029397159852
running_sum,3550000,6.572520305780927e-14,9.868764734653368
running_sum,3600000,4.263256414560601e-14,9.90227450965769
running_sum,3650000,3.907985046680551e-14,9.904274509657695
running_sum,3700000,3.552713678800501e-14,9.899784284662026
running_sum,3750000,4.263256414560601e-14,9.905029397159854
running_sum,3800000,4.085620730620576e-14,9.911029397159856
running_sum,3850000,3.730349362740526e-14,9.89502939715986
running_sum,3900000,4.263256414560601e-14,9.888274509657691
running_sum,3950000,3.730349362740526e-14,9.873377912705456
running_sum,4000000,4.440892098500626e-14,9.895519622155525
running_sum,4050000,4.085620730620576e-14,9.891029397159857
running_sum,4100000,4.085620730620576e-14,9.895029397159856
running_sum,4150000,3.907985046680551e-14,9.86351962215553
running_sum,4200000,3.907985046680551e-14,9.881029397159859
running_sum,4250000,3.907985046680551e-14,9.919784284662022
running_sum,4300000,4.440892098500626e-14,9.935784284662017
running_sum,4350000,3.907985046680551e-14,9.878274509657695
running_sum,4400000,3.730349362740526e-14,9.895519622155533
running_sum,4450000,3.730349362740526e-14,9.879519622155533
running_sum,4500000,4.085620730620576e-14,9.905784284662019
running_sum,4550000,4.085620730620576e-14,9.897029397159857
running_sum,4600000,3.019806626980426e-14,9.86978428466203
running_sum,4650000,3.907985046680551e-14,9.886274509657694
running_sum,4700000,4.085620730620576e-14,9.869029397159856
running_sum,4750000,4.263256414560601e-14,9.861519622155528
running_sum,4800000,4.618527782440651e-14,9.872274509657688
running_sum,4850000,4.085620730620576e-14,9.903029397159857
running_sum,4900000,4.085620730620576e-14,9.900274509657693
running_sum,4950000,3.552713678800501e-14,9.869029397159862
running_sum,5000000,4.440892098500626e-14,9.887029397159854
running_sum,5050000,3.552713678800501e-14,9.862274509657698
running_sum,5100000,3.907985046680551e-14,9.872274509657695
running_sum,5150000,3.907985046680551e-14,9.885784284662021
running_sum,5200000,4.263256414560601e-14,9.907029397159855
running_sum,5250000,4.440892098500626e-14,9.889029397159852
running_sum,5300000,3.907985046680551e-14,9.899029397159858
running_sum,5350000,4.440892098500626e-14,9.899029397159852
running_sum,5400000,3.907985046680551e-14,9.870764734653367
running_sum,5450000,4.085620730620576e-14,9.891029397159857
running_sum,5500000,4.440892098500626e-14,9.909784284662017
running_sum,5550000,3.907985046680551e-14,9.905029397159858
running_sum,5600000,4.085620730620576e-14,9.865029397159857
running_sum,5650000,3.730349362740526e-14,9.90102939715986
running_sum,5700000,4.085620730620576e-14,9.91978428466202
running_sum,5750000,3.375077994860476e-14,9.883784284662028
running_sum,5800000,3.907985046680551e-14,9.895029397159858
running_sum,5850000,4.263256414560601e-14,9.873519622155527
running_sum,5900000,3.552713678800501e-14,9.866274509657698
running_sum,5950000,3.019806626980426e-14,9.860274509657703
running_sum,6000000,4.085620730620576e-14,9.90178428466202
running_sum,6050000,4.085620730620576e-14,9.88551962215553
running_sum,6100000,4.085620730620576e-14,9.899029397159856
running_sum,6150000,4.085620730620576e-14,9.92978428466202
running_sum,6200000,3.730349362740526e-14,9.89902939715986
running_sum,6250000,4.085620730620576e-14,9.883029397159856
running_sum,6300000,4.263256414560601e-14,9.885519622155527
running_sum,6350000,4.085620730620576e-14,9.881029397159857
running_sum,6400000,3.197442310920451e-14,9.855029397159866
running_sum,6450000,3.907985046680551e-14,9.867784284662022
running_sum,6500000,3.730349362740526e-14,9.844764734653369
running_sum,6550000,4.796163466380676e-14,9.891784284662013
running_sum,6600000,4.796163466380676e-14,9.86676473465336
running_sum,6650000,4.263256414560601e-14,9.828764734653365
running_sum,6700000,4.263256414560601e-14,9.893519622155528
running_sum,6750000,3.552713678800501e-14,9.872764734653371
running_sum,6800000,4.085620730620576e-14,9.87351962215553
running_sum,6850000,3.907985046680551e-14,9.891029397159858
running_sum,6900000,4.263256414560601e-14,9.886764734653365
running_sum,6950000,3.907985046680551e-14,9.853029397159858
running_sum,7000000,3.197442310920451e-14,9.855029397159866
running_sum,7050000,4.263256414560601e-14,9.882274509657691
running_sum,7100000,3.907985046680551e-14,9.890274509657695
running_sum,7150000,7.105427357601002e-15,6.358254819208495
running_sum,7200000,1.2434497875801753e-14,9.911029397159858
running_sum,7250000,1.7763568394002505e-14,9.899029397159852
running_sum,7300000,1.4210854715202004e-14,9.916274509657692
running_sum,7350000,1.5987211554602254e-14,9.895784284662017
running_sum,7400000,1.4210854715202004e-14,9.899029397159856
running_sum,7450000,1.7763568394002505e-14,9.889784284662015
running_sum,7500000,1.0658141036401503e-14,9.897029397159859
running_sum,7550000,1.2434497875801753e-14,9.901029397159858
running_sum,7600000,7.105427357601002e-15,9.887784284662025
running_sum,7650000,8.881784197001252e-15,9.890274509657697
running_sum,7700000,5.329070518200751e-15,9.859784284662028
running_sum,7750000,1.4210854715202004e-14,9.900274509657692
running_sum,7800000,1.2434497875801753e-14,9.90378428466202
running_sum,7850000,7.105427357601002e-15,9.879519622155536
running_sum,7900000,1.4210854715202004e-14,9.901029397159856
running_sum,7950000,1.4210854715202004e-14,9.899029397159856
running_sum,8000000,1.5987211554602254e-14,9.895029397159854
running_sum,8050000,1.5987211554602254e-14,9.88427450965769
running_sum,8100000,1.4210854715202004e-14,9.870009847151202
running_sum,8150000,1.4210854715202004e-14,9.887784284662018
running_sum,8200000,1.2434497875801753e-14,9.884274509657693
running_sum,8250000,1.4210854715202004e-14,9.872274509657693
running_sum,8300000,1.5987211554602254e-14,9.887784284662018
running_sum,8350000,1.0658141036401503e-14,9.871029397159859
running_sum,8400000,1.7763568394002505e-14,9.860274509657689
running_sum,8450000,1.5987211554602254e-14,9.897784284662018
running_sum,8500000,1.4210854715202004e-14,9.901029397159856
running_sum,8550000,1.2434497875801753e-14,9.891029397159858
running_sum,8600000,1.4210854715202004e-14,9.893784284662019
running_sum,8650000,1.5987211554602254e-14,9.89227450965769
running_sum,8700000,1.4210854715202004e-14,9.889519622155529
running_sum,8750000,8.881784197001252e-15,9.889029397159861
running_sum,8800000,8.881784197001252e-15,9.889029397159861
running_sum,8850000,8.881784197001252e-15,9.882274509657698
running_sum,8900000,8.881784197001252e-15,9.866274509657698
running_sum,8950000,7.105427357601002e-15,9.8822745096577
running_sum,9000000,1.0658141036401503e-14,9.856274509657696
running_sum,9050000,1.7763568394002505e-14,9.891029397159853
running_sum,9100000,1.0658141036401503e-14,9.913029397159859
running_sum,9150000,1.4210854715202004e-14,9.873519622155529
running_sum,9200000,1.0658141036401503e-14,9.874274509657695
running_sum,9250000,1.2434497875801753e-14,9.881029397159857
running_sum,9300000,1.0658141036401503e-14,9.867519622155532
running_sum,9350000,1.0658141036401503e-14,9.89502939715986
running_sum,9400000,1.4210854715202004e-14,9.889519622155529
running_sum,9450000,1.2434497875801753e-14,9.85751962215553
running_sum,9500000,7.105427357601002e-15,9.879519622155536
running_sum,9550000,1.2434497875801753e-14,9.887029397159857
running_sum,9600000,1.0658141036401503e-14,9.883519622155532
running_sum,9650000,1.0658141036401503e-14,9.897029397159859
running_sum,9700000,1.5987211554602254e-14,9.901029397159855
running_sum,9750000,1.2434497875801753e-14,9.907029397159858
running_sum,9800000,1.7763568394002505e-14,9.885784284662016
running_sum,9850000,1.4210854715202004e-14,9.88578428466202
running_sum,9900000,1.0658141036401503e-14,9.857519622155532
running_sum,9950000,2.1316282072803006e-14,9.875519622155522
running_sum,10000000,8.881784197001252e-15,9.871519622155533
running_sum,10050000,1.0658141036401503e-14,9.861519622155532
running_sum,10100000,1.4210854715202004e-14,9.85551962215553
running_sum,10150000,1.0658141036401503e-14,9.863519622155533
running_sum,10200000,1.5987211554602254e-14,9.877784284662019
running_sum,10250000,1.0658141036401503e-14,9.88902939715986
running_sum,10300000,2.3092638912203256e-14,9.884274509657685
running_sum,10350000,1.5987211554602254e-14,9.857254959649037
running_sum,10400000,8.881784197001252e-15,9.87676473465337
running_sum,10450000,1.2434497875801753e-14,9.887029397159859
running_sum,10500000,7.105427357601002e-15,9.869029397159863
running_sum,10550000,1.2434497875801753e-14,9.897029397159859
running_sum,10600000,1.2434497875801753e-14,9.868764734653368
running_sum,10650000,1.5987211554602254e-14,9.897784284662018
running_sum,10700000,1.7763568394002505e-14,9.858358362696796
running_sum,10750000,4.440892098500626e-15,4.118650270563758
running_sum,10800000,1.0658141036401503e-14,9.887029397159854
running_sum,10850000,1.4210854715202004e-14,9.90178428466202
running_sum,10900000,1.9539925233402755e-14,9.903029397159862
running_sum,10950000,1.2434497875801753e-14,9.889784284662019
running_sum,11000000,1.4210854715202004e-14,9.90178428466202
running_sum,11050000,2.1316282072803006e-14,9.875029397159864
running_sum,11100000,1.5987211554602254e-14,9.901784284662021
running_sum,11150000,1.0658141036401503e-14,9.889784284662017
running_sum,11200000,1.4210854715202004e-14,9.882274509657693
running_sum,11250000,1.2434497875801753e-14,9.891029397159855
running_sum,11300000,1.7763568394002505e-14,9.89502939715986
running_sum,11350000,8.881784197001252e-15,9.886274509657689
running_sum,11400000,1.7763568394002505e-14,9.898274509657696
running_sum,11450000,1.4210854715202004e-14,9.907029397159857
running_sum,11500000,1.9539925233402755e-14,9.915029397159863
running_sum,11550000,1.0658141036401503e-14,9.90627450965769
running_sum,11600000,1.9539925233402755e-14,9.905029397159861
running_sum,11650000,1.5987211554602254e-14,9.893029397159859
running_sum,11700000,1.2434497875801753e-14,9.882274509657691
running_sum,11750000,1.4210854715202004e-14,9.896274509657694
running_sum,11800000,1.5987211554602254e-14,9.866764734653367
running_sum,11850000,1.5987211554602254e-14,9.880274509657696
running_sum,11900000,1.5987211554602254e-14,9.871029397159859
running_sum,11950000,1.7763568394002505e-14,9.86902939715986
running_sum,12000000,1.5987211554602254e-14,9.885029397159858
phi,50000,1.2434497875801753e-14,9.921029397159854
phi,100000,1.9539925233402755e-14,9.903029397159857
phi,150000,3.730349362740526e-14,9.874009847151202
phi,200000,2.4868995751603507e-14,9.889784284662023
phi,250000,3.375077994860476e-14,9.879029397159856
phi,300000,3.197442310920451e-14,9.868764734653373
phi,350000,2.3092638912203256e-14,9.874500072146878
phi,400000,1.5987211554602254e-14,9.892274509657698
phi,450000,2.3092638912203256e-14,9.890274509657697
phi,500000,3.552713678800501e-14,9.866274509657698
phi,550000,3.730349362740526e-14,9.874274509657692
phi,600000,3.730349362740526e-14,9.872274509657693
phi,650000,2.1316282072803006e-14,9.901029397159856
phi,700000,1.4210854715202004e-14,9.909784284662022
phi,750000,1.9539925233402755e-14,9.907029397159855
phi,800000,1.9539925233402755e-14,9.89702939715986
phi,850000,2.4868995751603507e-14,9.895029397159856
phi,900000,2.6645352591003757e-14,9.877519622155537
phi,950000,4.085620730620576e-14,9.866274509657693
phi,1000000,3.197442310920451e-14,9.892274509657687
phi,1050000,3.907985046680551e-14,9.878274509657688
phi,1100000,2.6645352591003757e-14,9.884274509657697
phi,1150000,3.730349362740526e-14,9.859519622155537
phi,1200000,3.197442310920451e-14,9.885784284662018
phi,1250000,2.842170943040401e-14,9.893029397159854
phi,1300000,3.730349362740526e-14,9.873029397159856
phi,1350000,3.019806626980426e-14,9.897519622155523
phi,1400000,2.4868995751603507e-14,9.88902939715986
phi,1450000,3.197442310920451e-14,9.881029397159857
phi,1500000,3.907985046680551e-14,9.86751962215553
phi,1550000,1.9539925233402755e-14,9.897784284662023
phi,1600000,3.197442310920451e-14,9.884764734653364
phi,1650000,4.440892098500626e-14,9.860764734653364
phi,1700000,1.5987211554602254e-14,9.904274509657697
phi,1750000,2.6645352591003757e-14,9.894274509657691
phi,1800000,3.907985046680551e-14,9.873029397159854
phi,1850000,2.842170943040401e-14,9.88751962215553
phi,1900000,3.019806626980426e-14,9.891029397159853
phi,1950000,3.019806626980426e-14,9.873029397159863
phi,2000000,3.375077994860476e-14,9.881029397159855
phi,2050000,2.6645352591003757e-14,9.883029397159861
phi,2100000,3.019806626980426e-14,9.87302939715986
phi,2150000,2.3092638912203256e-14,9.892274509657696
phi,2200000,3.552713678800501e-14,9.877029397159856
phi,2250000,2.3092638912203256e-14,9.903029397159854
phi,2300000,2.1316282072803006e-14,9.895784284662023
phi,2350000,3.019806626980426e-14,9.885029397159856
phi,2400000,3.197442310920451e-14,9.884764734653364
phi,2450000,2.4868995751603507e-14,9.899784284662017
phi,2500000,3.907985046680551e-14,9.880274509657687
phi,2550000,2.4868995751603507e-14,9.89578428466202
phi,2600000,8.881784197001252e-15,9.92178428466202
phi,2650000,3.552713678800501e-14,9.879784284662017
phi,2700000,2.6645352591003757e-14,9.879029397159863
phi,2750000,4.085620730620576e-14,9.853029397159853
phi,2800000,4.440892098500626e-14,9.865029397159853
phi,2850000,2.842170943040401e-14,9.889029397159856
phi,2900000,3.730349362740526e-14,9.86702939715986
phi,2950000,4.618527782440651e-14,9.845519622155535
phi,3000000,3.907985046680551e-14,9.863029397159856
phi,3050000,2.4868995751603507e-14,9.877519622155539
phi,3100000,4.618527782440651e-14,9.859519622155528
phi,3150000,4.085620730620576e-14,9.869519622155527
phi,3200000,1.9539925233402755e-14,9.886274509657703
phi,3250000,3.730349362740526e-14,9.875784284662018
phi,3300000,2.6645352591003757e-14,9.882764734653371
phi,3350000,2.842170943040401e-14,9.882274509657696
phi,3400000,2.4868995751603507e-14,9.895029397159856
phi,3450000,3.552713678800501e-14,9.875029397159857
phi,3500000,3.375077994860476e-14,9.883029397159852
phi,3550000,3.730349362740526e-14,9.868764734653368
phi,3600000,4.440892098500626e-14,9.90227450965769
phi,3650000,3.907985046680551e-14,9.904274509657695
phi,3700000,3.730349362740526e-14,9.899784284662026
phi,3750000,4.263256414560601e-14,9.905029397159854
phi,3800000,3.730349362740526e-14,9.911029397159856
phi,3850000,4.263256414560601e-14,9.89502939715986
phi,3900000,5.1514348342607263e-14,9.888274509657691
phi,3950000,4.796163466380676e-14,9.873377912705456
phi,4000000,4.973799150320701e-14,9.895519622155525
phi,4050000,4.796163466380676e-14,9.891029397159857
phi,4100000,4.618527782440651e-14,9.895029397159856
phi,4150000,6.217248937900877e-14,9.86351962215553
phi,4200000,5.1514348342607263e-14,9.881029397159859
phi,4250000,3.019806626980426e-14,9.919784284662022
phi,4300000,2.6645352591003757e-14,9.935784284662017
phi,4350000,5.3290705182007514e-14,9.878274509657695
phi,4400000,4.263256414560601e-14,9.895519622155533
phi,4450000,5.1514348342607263e-14,9.879519622155533
phi,4500000,4.085620730620576e-14,9.905784284662019
phi,4550000,4.440892098500626e-14,9.897029397159857
phi,4600000,4.796163466380676e-14,9.86978428466203
phi,4650000,4.973799150320701e-14,9.886274509657694
phi,4700000,5.861977570020827e-14,9.869029397159856
phi,4750000,6.572520305780927e-14,9.861519622155528
phi,4800000,6.394884621840902e-14,9.872274509657688
phi,4850000,4.085620730620576e-14,9.903029397159857
phi,4900000,4.263256414560601e-14,9.900274509657693
phi,4950000,5.5067062021407764e-14,9.869029397159862
phi,5000000,5.3290705182007514e-14,9.887029397159854
phi,5050000,5.861977570020827e-14,9.862274509657698
phi,5100000,5.684341886080802e-14,9.872274509657695
phi,5150000,4.973799150320701e-14,9.885784284662021
phi,5200000,4.085620730620576e-14,9.907029397159855
phi,5250000,5.3290705182007514e-14,9.889029397159852
phi,5300000,4.263256414560601e-14,9.899029397159858
phi,5350000,4.796163466380676e-14,9.899029397159852
phi,5400000,5.861977570020827e-14,9.870764734653367
phi,5450000,4.796163466380676e-14,9.891029397159857
phi,5500000,4.085620730620576e-14,9.909784284662017
phi,5550000,3.907985046680551e-14,9.905029397159858
phi,5600000,6.217248937900877e-14,9.865029397159857
phi,5650000,3.907985046680551e-14,9.90102939715986
phi,5700000,3.197442310920451e-14,9.91978428466202
phi,5750000,4.440892098500626e-14,9.883784284662028
phi,5800000,4.440892098500626e-14,9.895029397159858
phi,5850000,6.039613253960852e-14,9.873519622155527
phi,5900000,5.5067062021407764e-14,9.866274509657698
phi,5950000,5.5067062021407764e-14,9.860274509657703
phi,6000000,4.263256414560601e-14,9.90178428466202
phi,6050000,5.1514348342607263e-14,9.88551962215553
phi,6100000,4.440892098500626e-14,9.899029397159856
phi,6150000,2.6645352591003757e-14,9.92978428466202
phi,6200000,4.085620730620576e-14,9.89902939715986
phi,6250000,5.1514348342607263e-14,9.883029397159856
phi,6300000,5.3290705182007514e-14,9.885519622155527
phi,6350000,5.3290705182007514e-14,9.881029397159857
phi,6400000,5.861977570020827e-14,9.855029397159866
phi,6450000,5.861977570020827e-14,9.867784284662022
phi,6500000,7.105427357601002e-14,9.844764734653369
phi,6550000,5.5067062021407764e-14,9.891784284662013
phi,6600000,6.750155989720952e-14,9.86676473465336
phi,6650000,8.348877145181177e-14,9.828764734653365
phi,6700000,4.796163466380676e-14,9.893519622155528
phi,6750000,5.3290705182007514e-14,9.872764734653371
phi,6800000,5.684341886080802e-14,9.87351962215553
phi,6850000,4.618527782440651e-14,9.891029397159858
phi,6900000,5.1514348342607263e-14,9.886764734653365
phi,6950000,6.750155989720952e-14,9.853029397159858
phi,7000000,5.684341886080802e-14,9.855029397159866
phi,7050000,5.5067062021407764e-14,9.882274509657691
phi,7100000,4.618527782440651e-14,9.890274509657695
phi,7150000,1.5010215292932116e-13,6.358254819208495
phi,7200000,5.684341886080802e-14,9.911029397159858
phi,7250000,6.927791673660977e-14,9.899029397159852
phi,7300000,5.684341886080802e-14,9.916274509657692
phi,7350000,6.927791673660977e-14,9.895784284662017
phi,7400000,6.572520305780927e-14,9.899029397159856
phi,7450000,7.460698725481052e-14,9.889784284662015
phi,7500000,6.394884621840902e-14,9.897029397159859
phi,7550000,6.217248937900877e-14,9.901029397159858
phi,7600000,6.572520305780927e-14,9.887784284662025
phi,7650000,6.572520305780927e-14,9.890274509657697
phi,7700000,7.815970093361102e-14,9.859784284662028
phi,7750000,6.572520305780927e-14,9.900274509657692
phi,7800000,6.217248937900877e-14,9.90378428466202
phi,7850000,6.927791673660977e-14,9.879519622155536
phi,7900000,6.394884621840902e-14,9.901029397159856
phi,7950000,6.572520305780927e-14,9.899029397159856
phi,8000000,6.927791673660977e-14,9.895029397159854
phi,8050000,7.638334409421077e-14,9.88427450965769
phi,8100000,8.171241461241152e-14,9.870009847151202
phi,8150000,7.283063041541027e-14,9.887784284662018
phi,8200000,7.283063041541027e-14,9.884274509657693
phi,8250000,7.993605777301127e-14,9.872274509657693
phi,8300000,7.283063041541027e-14,9.887784284662018
phi,8350000,7.815970093361102e-14,9.871029397159859
phi,8400000,9.059419880941277e-14,9.860274509657689
phi,8450000,6.750155989720952e-14,9.897784284662018
phi,8500000,6.394884621840902e-14,9.901029397159856
phi,8550000,6.572520305780927e-14,9.891029397159858
phi,8600000,6.927791673660977e-14,9.893784284662019
phi,8650000,6.927791673660977e-14,9.89227450965769
phi,8700000,7.105427357601002e-14,9.889519622155529
phi,8750000,6.572520305780927e-14,9.889029397159861
phi,8800000,6.572520305780927e-14,9.889029397159861
phi,8850000,6.927791673660977e-14,9.882274509657698
phi,8900000,7.815970093361102e-14,9.866274509657698
phi,8950000,6.750155989720952e-14,9.8822745096577
phi,9000000,8.348877145181177e-14,9.856274509657696
phi,9050000,7.283063041541027e-14,9.891029397159853
phi,9100000,5.5067062021407764e-14,9.913029397159859
phi,9150000,7.993605777301127e-14,9.873519622155529
phi,9200000,7.638334409421077e-14,9.874274509657695
phi,9250000,7.460698725481052e-14,9.881029397159857
phi,9300000,7.993605777301127e-14,9.867519622155532
phi,9350000,6.394884621840902e-14,9.89502939715986
phi,9400000,7.105427357601002e-14,9.889519622155529
phi,9450000,8.704148513061227e-14,9.85751962215553
phi,9500000,6.927791673660977e-14,9.879519622155536
phi,9550000,7.105427357601002e-14,9.887029397159857
phi,9600000,7.105427357601002e-14,9.883519622155532
phi,9650000,6.394884621840902e-14,9.897029397159859
phi,9700000,6.572520305780927e-14,9.901029397159855
phi,9750000,5.861977570020827e-14,9.907029397159858
phi,9800000,7.638334409421077e-14,9.885784284662016
phi,9850000,7.283063041541027e-14,9.88578428466202
phi,9900000,8.526512829121202e-14,9.857519622155532
phi,9950000,8.526512829121202e-14,9.875519622155522
phi,10000000,7.638334409421077e-14,9.871519622155533
phi,10050000,8.171241461241152e-14,9.861519622155532
phi,10100000,8.881784197001252e-14,9.85551962215553
phi,10150000,8.171241461241152e-14,9.863519622155533
phi,10200000,7.815970093361102e-14,9.877784284662019
phi,10250000,6.750155989720952e-14,9.88902939715986
phi,10300000,8.171241461241152e-14,9.884274509657685
phi,10350000,8.881784197001252e-14,9.857254959649037
phi,10400000,7.283063041541027e-14,9.87676473465337
phi,10450000,6.927791673660977e-14,9.887029397159859
phi,10500000,7.460698725481052e-14,9.869029397159863
phi,10550000,6.394884621840902e-14,9.897029397159859
phi,10600000,7.993605777301127e-14,9.868764734653368
phi,10650000,6.750155989720952e-14,9.897784284662018
phi,10700000,8.526512829121202e-14,9.858358362696796
phi,10750000,2.3447910280083306e-13,4.118650270563758
phi,10800000,9.592326932761353e-14,9.887029397159854
phi,10850000,8.526512829121202e-14,9.90178428466202
phi,10900000,7.815970093361102e-14,9.903029397159862
phi,10950000,9.059419880941277e-14,9.889784284662019
phi,11000000,8.526512829121202e-14,9.90178428466202
phi,11050000,9.237055564881302e-14,9.875029397159864
phi,11100000,8.348877145181177e-14,9.901784284662021
phi,11150000,9.414691248821327e-14,9.889784284662017
phi,11200000,9.592326932761353e-14,9.882274509657693
phi,11250000,9.237055564881302e-14,9.891029397159855
phi,11300000,8.526512829121202e-14,9.89502939715986
phi,11350000,9.769962616701378e-14,9.886274509657689
phi,11400000,8.348877145181177e-14,9.898274509657696
phi,11450000,8.171241461241152e-14,9.907029397159857
phi,11500000,7.105427357601002e-14,9.915029397159863
phi,11550000,8.526512829121202e-14,9.90627450965769
phi,11600000,7.815970093361102e-14,9.905029397159861
phi,11650000,8.704148513061227e-14,9.893029397159859
phi,11700000,9.592326932761353e-14,9.882274509657691
phi,11750000,8.704148513061227e-14,9.896274509657694
phi,11800000,1.0302869668521453e-13,9.866764734653367
phi,11850000,9.237055564881302e-14,9.880274509657696
phi,11900000,9.947598300641403e-14,9.871029397159859
phi,11950000,9.947598300641403e-14,9.86902939715986
phi,12000000,9.237055564881302e-14,9.885029397159858
kahan,50000,6.927791673660977e-14,9.921029397159854
kahan,100000,6.572520305780927e-14,9.903029397159857
kahan,150000,6.750155989720952e-14,9.874009847151202
kahan,200000,6.394884621840902e-14,9.889784284662023
kahan,250000,6.750155989720952e-14,9.879029397159856
kahan,300000,6.039613253960852e-14,9.868764734653373
kahan,350000,6.394884621840902e-14,9.874500072146878
kahan,400000,6.217248937900877e-14,9.892274509657698
kahan,450000,6.217248937900877e-14,9.890274509657697
kahan,500000,6.217248937900877e-14,9.866274509657698
kahan,550000,6.750155989720952e-14,9.874274509657692
kahan,600000,6.750155989720952e-14,9.872274509657693
kahan,650000,6.750155989720952e-14,9.901029397159856
kahan,700000,6.572520305780927e-14,9.909784284662022
kahan,750000,6.927791673660977e-14,9.907029397159855
kahan,800000,6.394884621840902e-14,9.89702939715986
kahan,850000,6.750155989720952e-14,9.895029397159856
kahan,900000,5.861977570020827e-14,9.877519622155537
kahan,950000,6.750155989720952e-14,9.866274509657693
kahan,1000000,7.283063041541027e-14,9.892274509657687
kahan,1050000,7.283063041541027e-14,9.878274509657688
kahan,1100000,6.394884621840902e-14,9.884274509657697
kahan,1150000,6.039613253960852e-14,9.859519622155537
kahan,1200000,6.927791673660977e-14,9.885784284662018
kahan,1250000,6.927791673660977e-14,9.893029397159854
kahan,1300000,6.750155989720952e-14,9.873029397159856
kahan,1350000,7.460698725481052e-14,9.897519622155523
kahan,1400000,6.394884621840902e-14,9.88902939715986
kahan,1450000,6.750155989720952e-14,9.881029397159857
kahan,1500000,6.572520305780927e-14,9.86751962215553
kahan,1550000,6.394884621840902e-14,9.897784284662023
kahan,1600000,6.927791673660977e-14,9.884764734653364
kahan,1650000,6.927791673660977e-14,9.860764734653364
kahan,1700000,6.394884621840902e-14,9.904274509657697
kahan,1750000,6.927791673660977e-14,9.894274509657691
kahan,1800000,6.927791673660977e-14,9.873029397159854
kahan,1850000,6.750155989720952e-14,9.88751962215553
kahan,1900000,7.105427357601002e-14,9.891029397159853
kahan,1950000,6.039613253960852e-14,9.873029397159863
kahan,2000000,6.927791673660977e-14,9.881029397159855
kahan,2050000,6.217248937900877e-14,9.883029397159861
kahan,2100000,6.394884621840902e-14,9.87302939715986
kahan,2150000,6.394884621840902e-14,9.892274509657696
kahan,2200000,6.750155989720952e-14,9.877029397159856
kahan,2250000,6.927791673660977e-14,9.903029397159854
kahan,2300000,6.394884621840902e-14,9.895784284662023
kahan,2350000,6.750155989720952e-14,9.885029397159856
kahan,2400000,6.927791673660977e-14,9.884764734653364
kahan,2450000,6.927791673660977e-14,9.899784284662017
kahan,2500000,7.283063041541027e-14,9.880274509657687
kahan,2550000,6.750155989720952e-14,9.89578428466202
kahan,2600000,6.572520305780927e-14,9.92178428466202
kahan,2650000,6.927791673660977e-14,9.879784284662017
kahan,2700000,6.039613253960852e-14,9.879029397159863
kahan,2750000,7.105427357601002e-14,9.853029397159853
kahan,2800000,7.105427357601002e-14,9.865029397159853
kahan,2850000,6.750155989720952e-14,9.889029397159856
kahan,2900000,6.394884621840902e-14,9.86702939715986
kahan,2950000,6.039613253960852e-14,9.845519622155535
kahan,3000000,6.750155989720952e-14,9.863029397159856
kahan,3050000,5.684341886080802e-14,9.877519622155539
kahan,3100000,6.927791673660977e-14,9.859519622155528
kahan,3150000,6.927791673660977e-14,9.869519622155527
kahan,3200000,5.684341886080802e-14,9.886274509657703
kahan,3250000,6.927791673660977e-14,9.875784284662018
kahan,3300000,6.217248937900877e-14,9.882764734653371
kahan,3350000,6.394884621840902e-14,9.882274509657696
kahan,3400000,6.750155989720952e-14,9.895029397159856
kahan,3450000,6.750155989720952e-14,9.875029397159857
kahan,3500000,7.105427357601002e-14,9.883029397159852
kahan,3550000,6.572520305780927e-14,9.868764734653368
kahan,3600000,6.927791673660977e-14,9.90227450965769
kahan,3650000,6.572520305780927e-14,9.904274509657695
kahan,3700000,6.039613253960852e-14,9.899784284662026
kahan,3750000,6.927791673660977e-14,9.905029397159854
kahan,3800000,6.750155989720952e-14,9.911029397159856
kahan,3850000,6.394884621840902e-14,9.89502939715986
kahan,3900000,6.927791673660977e-14,9.888274509657691
kahan,3950000,6.394884621840902e-14,9.873377912705456
kahan,4000000,7.105427357601002e-14,9.895519622155525
kahan,4050000,6.750155989720952e-14,9.891029397159857
kahan,4100000,6.750155989720952e-14,9.895029397159856
kahan,4150000,6.572520305780927e-14,9.86351962215553
kahan,4200000,6.572520305780927e-14,9.881029397159859
kahan,4250000,6.572520305780927e-14,9.919784284662022
kahan,4300000,7.105427357601002e-14,9.935784284662017
kahan,4350000,6.572520305780927e-14,9.878274509657695
kahan,4400000,6.394884621840902e-14,9.895519622155533
kahan,4450000,6.394884621840902e-14,9.879519622155533
kahan,4500000,6.750155989720952e-14,9.905784284662019
kahan,4550000,6.750155989720952e-14,9.897029397159857
kahan,4600000,5.684341886080802e-14,9.86978428466203
kahan,4650000,6.572520305780927e-14,9.886274509657694
kahan,4700000,6.750155989720952e-14,9.869029397159856
kahan,4750000,6.750155989720952e-14,9.861519622155528
kahan,4800000,7.283063041541027e-14,9.872274509657688
kahan,4850000,6.572520305780927e-14,9.903029397159857
kahan,4900000,6.750155989720952e-14,9.900274509657693
kahan,4950000,6.217248937900877e-14,9.869029397159862
kahan,5000000,6.927791673660977e-14,9.887029397159854
kahan,5050000,6.217248937900877e-14,9.862274509657698
kahan,5100000,6.572520305780927e-14,9.872274509657695
kahan,5150000,6.572520305780927e-14,9.885784284662021
kahan,5200000,6.927791673660977e-14,9.907029397159855
kahan,5250000,7.105427357601002e-14,9.889029397159852
kahan,5300000,6.572520305780927e-14,9.899029397159858
kahan,5350000,7.105427357601002e-14,9.899029397159852
kahan,5400000,6.572520305780927e-14,9.870764734653367
kahan,5450000,6.750155989720952e-14,9.891029397159857
kahan,5500000,7.105427357601002e-14,9.909784284662017
kahan,5550000,6.572520305780927e-14,9.905029397159858
kahan,5600000,6.750155989720952e-14,9.865029397159857
kahan,5650000,6.394884621840902e-14,9.90102939715986
kahan,5700000,6.750155989720952e-14,9.91978428466202
kahan,5750000,5.861977570020827e-14,9.883784284662028
kahan,5800000,6.572520305780927e-14,9.895029397159858
kahan,5850000,6.927791673660977e-14,9.873519622155527
kahan,5900000,6.217248937900877e-14,9.866274509657698
kahan,5950000,5.684341886080802e-14,9.860274509657703
kahan,6000000,6.750155989720952e-14,9.90178428466202
kahan,6050000,6.750155989720952e-14,9.88551962215553
kahan,6100000,6.750155989720952e-14,9.899029397159856
kahan,6150000,6.750155989720952e-14,9.92978428466202
kahan,6200000,6.394884621840902e-14,9.89902939715986
kahan,6250000,6.750155989720952e-14,9.883029397159856
kahan,6300000,6.927791673660977e-14,9.885519622155527
kahan,6350000,6.750155989720952e-14,9.881029397159857
kahan,6400000,5.684341886080802e-14,9.855029397159866
kahan,6450000,6.394884621840902e-14,9.867784284662022
kahan,6500000,6.394884621840902e-14,9.844764734653369
kahan,6550000,7.460698725481052e-14,9.891784284662013
kahan,6600000,7.283063041541027e-14,9.86676473465336
kahan,6650000,6.750155989720952e-14,9.828764734653365
kahan,6700000,6.750155989720952e-14,9.893519622155528
kahan,6750000,6.217248937900877e-14,9.872764734653371
kahan,6800000,6.572520305780927e-14,9.87351962215553
kahan,6850000,6.572520305780927e-14,9.891029397159858
kahan,6900000,6.750155989720952e-14,9.886764734653365
kahan,6950000,6.572520305780927e-14,9.853029397159858
kahan,7000000,5.684341886080802e-14,9.855029397159866
kahan,7050000,6.927791673660977e-14,9.882274509657691
kahan,7100000,6.394884621840902e-14,9.890274509657695
kahan,7150000,2.220446049250313e-14,6.358254819208495
kahan,7200000,6.572520305780927e-14,9.911029397159858
kahan,7250000,7.105427357601002e-14,9.899029397159852
kahan,7300000,6.927791673660977e-14,9.916274509657692
kahan,7350000,6.927791673660977e-14,9.895784284662017
kahan,7400000,6.750155989720952e-14,9.899029397159856
kahan,7450000,7.105427357601002e-14,9.889784284662015
kahan,7500000,6.572520305780927e-14,9.897029397159859
kahan,7550000,6.572520305780927e-14,9.901029397159858
kahan,7600000,6.217248937900877e-14,9.887784284662025
kahan,7650000,6.217248937900877e-14,9.890274509657697
kahan,7700000,5.861977570020827e-14,9.859784284662028
kahan,7750000,6.927791673660977e-14,9.900274509657692
kahan,7800000,6.750155989720952e-14,9.90378428466202
kahan,7850000,6.039613253960852e-14,9.879519622155536
kahan,7900000,6.750155989720952e-14,9.901029397159856
kahan,7950000,6.750155989720952e-14,9.899029397159856
kahan,8000000,6.927791673660977e-14,9.895029397159854
kahan,8050000,7.105427357601002e-14,9.88427450965769
kahan,8100000,6.750155989720952e-14,9.870009847151202
kahan,8150000,6.927791673660977e-14,9.887784284662018
kahan,8200000,6.750155989720952e-14,9.884274509657693
kahan,8250000,6.750155989720952e-14,9.872274509657693
kahan,8300000,6.927791673660977e-14,9.887784284662018
kahan,8350000,6.394884621840902e-14,9.871029397159859
kahan,8400000,7.105427357601002e-14,9.860274509657689
kahan,8450000,6.927791673660977e-14,9.897784284662018
kahan,8500000,6.750155989720952e-14,9.901029397159856
kahan,8550000,6.572520305780927e-14,9.891029397159858
kahan,8600000,6.927791673660977e-14,9.893784284662019
kahan,8650000,6.927791673660977e-14,9.89227450965769
kahan,8700000,6.750155989720952e-14,9.889519622155529
kahan,8750000,6.217248937900877e-14,9.889029397159861
kahan,8800000,6.217248937900877e-14,9.889029397159861
kahan,8850000,6.217248937900877e-14,9.882274509657698
kahan,8900000,6.217248937900877e-14,9.866274509657698
kahan,8950000,6.039613253960852e-14,9.8822745096577
kahan,9000000,6.394884621840902e-14,9.856274509657696
kahan,9050000,7.105427357601002e-14,9.891029397159853
kahan,9100000,6.572520305780927e-14,9.913029397159859
kahan,9150000,6.750155989720952e-14,9.873519622155529
kahan,9200000,6.394884621840902e-14,9.874274509657695
kahan,9250000,6.750155989720952e-14,9.881029397159857
kahan,9300000,6.394884621840902e-14,9.867519622155532
kahan,9350000,6.394884621840902e-14,9.89502939715986
kahan,9400000,6.750155989720952e-14,9.889519622155529
kahan,9450000,6.572520305780927e-14,9.85751962215553
kahan,9500000,6.039613253960852e-14,9.879519622155536
kahan,9550000,6.572520305780927e-14,9.887029397159857
kahan,9600000,6.394884621840902e-14,9.883519622155532
kahan,9650000,6.572520305780927e-14,9.897029397159859
kahan,9700000,6.927791673660977e-14,9.901029397159855
kahan,9750000,6.572520305780927e-14,9.907029397159858
kahan,9800000,7.105427357601002e-14,9.885784284662016
kahan,9850000,6.750155989720952e-14,9.88578428466202
kahan,9900000,6.394884621840902e-14,9.857519622155532
kahan,9950000,7.460698725481052e-14,9.875519622155522
kahan,10000000,6.394884621840902e-14,9.871519622155533
kahan,10050000,6.394884621840902e-14,9.861519622155532
kahan,10100000,6.750155989720952e-14,9.85551962215553
kahan,10150000,6.394884621840902e-14,9.863519622155533
kahan,10200000,6.927791673660977e-14,9.877784284662019
kahan,10250000,6.394884621840902e-14,9.88902939715986
kahan,10300000,7.638334409421077e-14,9.884274509657685
kahan,10350000,6.927791673660977e-14,9.857254959649037
kahan,10400000,6.217248937900877e-14,9.87676473465337
kahan,10450000,6.394884621840902e-14,9.887029397159859
kahan,10500000,6.039613253960852e-14,9.869029397159863
kahan,10550000,6.572520305780927e-14,9.897029397159859
kahan,10600000,6.572520305780927e-14,9.868764734653368
kahan,10650000,6.927791673660977e-14,9.897784284662018
kahan,10700000,7.105427357601002e-14,9.858358362696796
kahan,10750000,3.2862601528904634e-14,4.118650270563758
kahan,10800000,6.927791673660977e-14,9.887029397159854
kahan,10850000,6.750155989720952e-14,9.90178428466202
kahan,10900000,6.039613253960852e-14,9.903029397159862
kahan,10950000,6.750155989720952e-14,9.889784284662019
kahan,11000000,6.750155989720952e-14,9.90178428466202
kahan,11050000,6.039613253960852e-14,9.875029397159864
kahan,11100000,6.572520305780927e-14,9.901784284662021
kahan,11150000,6.927791673660977e-14,9.889784284662017
kahan,11200000,6.750155989720952e-14,9.882274509657693
kahan,11250000,6.927791673660977e-14,9.891029397159855
kahan,11300000,6.394884621840902e-14,9.89502939715986
kahan,11350000,7.105427357601002e-14,9.886274509657689
kahan,11400000,6.394884621840902e-14,9.898274509657696
kahan,11450000,6.750155989720952e-14,9.907029397159857
kahan,11500000,6.039613253960852e-14,9.915029397159863
kahan,11550000,6.927791673660977e-14,9.90627450965769
kahan,11600000,6.217248937900877e-14,9.905029397159861
kahan,11650000,6.394884621840902e-14,9.893029397159859
kahan,11700000,6.927791673660977e-14,9.882274509657691
kahan,11750000,6.572520305780927e-14,9.896274509657694
kahan,11800000,6.572520305780927e-14,9.866764734653367
kahan,11850000,6.394884621840902e-14,9.880274509657696
kahan,11900000,6.394884621840902e-14,9.871029397159859
kahan,11950000,6.394884621840902e-14,9.86902939715986
kahan,12000000,6.572520305780927e-14,9.885029397159858
running_sum_resync100000,50000,6.927791673660977e-14,9.921029397159854
running_sum_resync100000,100000,6.572520305780927e-14,9.903029397159857
running_sum_resync100000,150000,6.750155989720952e-14,9.874009847151202
running_sum_resync100000,200000,6.394884621840902e-14,9.889784284662023
running_sum_resync100000,250000,6.750155989720952e-14,9.879029397159856
running_sum_resync100000,300000,6.039613253960852e-14,9.868764734653373
running_sum_resync100000,350000,6.394884621840902e-14,9.874500072146878
running_sum_resync100000,400000,6.217248937900877e-14,9.892274509657698
running_sum_resync100000,450000,6.217248937900877e-14,9.890274509657697
running_sum_resync100000,500000,6.217248937900877e-14,9.866274509657698
running_sum_resync100000,550000,6.750155989720952e-14,9.874274509657692
running_sum_resync100000,600000,6.750155989720952e-14,9.872274509657693
running_sum_resync100000,650000,6.750155989720952e-14,9.901029397159856
running_sum_resync100000,700000,6.572520305780927e-14,9.909784284662022
running_sum_resync100000,750000,6.927791673660977e-14,9.907029397159855
running_sum_resync100000,800000,6.394884621840902e-14,9.89702939715986
running_sum_resync100000,850000,6.750155989720952e-14,9.895029397159856
running_sum_resync100000,900000,5.861977570020827e-14,9.877519622155537
running_sum_resync100000,950000,6.750155989720952e-14,9.866274509657693
running_sum_resync100000,1000000,7.283063041541027e-14,9.892274509657687
running_sum_resync100000,1050000,7.283063041541027e-14,9.878274509657688
running_sum_resync100000,1100000,6.394884621840902e-14,9.884274509657697
running_sum_resync100000,1150000,6.039613253960852e-14,9.859519622155537
running_sum_resync100000,1200000,6.927791673660977e-14,9.885784284662018
running_sum_resync100000,1250000,6.927791673660977e-14,9.893029397159854
running_sum_resync100000,1300000,6.750155989720952e-14,9.873029397159856
running_sum_resync100000,1350000,7.460698725481052e-14,9.897519622155523
running_sum_resync100000,1400000,6.394884621840902e-14,9.88902939715986
running_sum_resync100000,1450000,6.750155989720952e-14,9.881029397159857
running_sum_resync100000,1500000,6.572520305780927e-14,9.86751962215553
running_sum_resync100000,1550000,6.394884621840902e-14,9.897784284662023
running_sum_resync100000,1600000,6.927791673660977e-14,9.884764734653364
running_sum_resync100000,1650000,6.927791673660977e-14,9.860764734653364
running_sum_resync100000,1700000,6.394884621840902e-14,9.904274509657697
running_sum_resync100000,1750000,6.927791673660977e-14,9.894274509657691
running_sum_resync100000,1800000,6.927791673660977e-14,9.873029397159854
running_sum_resync100000,1850000,6.750155989720952e-14,9.88751962215553
running_sum_resync100000,1900000,7.105427357601002e-14,9.891029397159853
running_sum_resync100000,1950000,6.039613253960852e-14,9.873029397159863
running_sum_resync100000,2000000,6.927791673660977e-14,9.881029397159855
running_sum_resync100000,2050000,6.217248937900877e-14,9.883029397159861
running_sum_resync100000,2100000,6.394884621840902e-14,9.87302939715986
running_sum_resync100000,2150000,6.394884621840902e-14,9.892274509657696
running_sum_resync100000,2200000,6.750155989720952e-14,9.877029397159856
running_sum_resync100000,2250000,6.927791673660977e-14,9.903029397159854
running_sum_resync100000,2300000,6.394884621840902e-14,9.895784284662023
running_sum_resync100000,2350000,6.750155989720952e-14,9.885029397159856
running_sum_resync100000,2400000,6.927791673660977e-14,9.884764734653364
running_sum_resync100000,2450000,6.927791673660977e-14,9.899784284662017
running_sum_resync100000,2500000,7.283063041541027e-14,9.880274509657687
running_sum_resync100000,2550000,6.750155989720952e-14,9.89578428466202
running_sum_resync100000,2600000,6.572520305780927e-14,9.92178428466202
running_sum_resync100000,2650000,6.927791673660977e-14,9.879784284662017
running_sum_resync100000,2700000,6.039613253960852e-14,9.879029397159863
running_sum_resync100000,2750000,7.105427357601002e-14,9.853029397159853
running_sum_resync100000,2800000,7.105427357601002e-14,9.865029397159853
running_sum_resync100000,2850000,6.750155989720952e-14,9.889029397159856
running_sum_resync100000,2900000,6.394884621840902e-14,9.86702939715986
running_sum_resync100000,2950000,6.217248937900877e-14,9.845519622155535
running_sum_resync100000,3000000,6.750155989720952e-14,9.863029397159856
running_sum_resync100000,3050000,5.684341886080802e-14,9.877519622155539
running_sum_resync100000,3100000,6.927791673660977e-14,9.859519622155528
running_sum_resync100000,3150000,6.927791673660977e-14,9.869519622155527
running_sum_resync100000,3200000,5.684341886080802e-14,9.886274509657703
running_sum_resync100000,3250000,6.927791673660977e-14,9.875784284662018
running_sum_resync100000,3300000,6.217248937900877e-14,9.882764734653371
running_sum_resync100000,3350000,6.394884621840902e-14,9.882274509657696
running_sum_resync100000,3400000,6.750155989720952e-14,9.895029397159856
running_sum_resync100000,3450000,6.750155989720952e-14,9.875029397159857
running_sum_resync100000,3500000,7.105427357601002e-14,9.883029397159852
running_sum_resync100000,3550000,6.572520305780927e-14,9.868764734653368
running_sum_resync100000,3600000,6.927791673660977e-14,9.90227450965769
running_sum_resync100000,3650000,6.572520305780927e-14,9.904274509657695
running_sum_resync100000,3700000,6.039613253960852e-14,9.899784284662026
running_sum_resync100000,3750000,6.927791673660977e-14,9.905029397159854
running_sum_resync100000,3800000,6.750155989720952e-14,9.911029397159856
running_sum_resync100000,3850000,6.394884621840902e-14,9.89502939715986
running_sum_resync100000,3900000,6.927791673660977e-14,9.888274509657691
running_sum_resync100000,3950000,6.394884621840902e-14,9.873377912705456
running_sum_resync100000,4000000,7.105427357601002e-14,9.895519622155525
running_sum_resync100000,4050000,6.750155989720952e-14,9.891029397159857
running_sum_resync100000,4100000,6.750155989720952e-14,9.895029397159856
running_sum_resync100000,4150000,6.572520305780927e-14,9.86351962215553
running_sum_resync100000,4200000,6.572520305780927e-14,9.881029397159859
running_sum_resync100000,4250000,6.572520305780927e-14,9.919784284662022
running_sum_resync100000,4300000,7.105427357601002e-14,9.935784284662017
running_sum_resync100000,4350000,6.572520305780927e-14,9.878274509657695
running_sum_resync100000,4400000,6.394884621840902e-14,9.895519622155533
running_sum_resync100000,4450000,6.394884621840902e-14,9.879519622155533
running_sum_resync100000,4500000,6.750155989720952e-14,9.905784284662019
running_sum_resync100000,4550000,6.750155989720952e-14,9.897029397159857
running_sum_resync100000,4600000,5.684341886080802e-14,9.86978428466203
running_sum_resync100000,4650000,6.572520305780927e-14,9.886274509657694
running_sum_resync100000,4700000,6.750155989720952e-14,9.869029397159856
running_sum_resync100000,4750000,6.750155989720952e-14,9.861519622155528
running_sum_resync100000,4800000,7.283063041541027e-14,9.872274509657688
running_sum_resync100000,4850000,6.572520305780927e-14,9.903029397159857
running_sum_resync100000,4900000,6.750155989720952e-14,9.900274509657693
running_sum_resync100000,4950000,6.217248937900877e-14,9.869029397159862
running_sum_resync100000,5000000,6.927791673660977e-14,9.887029397159854
running_sum_resync100000,5050000,6.217248937900877e-14,9.862274509657698
running_sum_resync100000,5100000,6.572520305780927e-14,9.872274509657695
running_sum_resync100000,5150000,6.572520305780927e-14,9.885784284662021
running_sum_resync100000,5200000,6.927791673660977e-14,9.907029397159855
running_sum_resync100000,5250000,7.105427357601002e-14,9.889029397159852
running_sum_resync100000,5300000,6.572520305780927e-14,9.899029397159858
running_sum_resync100000,5350000,7.105427357601002e-14,9.899029397159852
running_sum_resync100000,5400000,6.572520305780927e-14,9.870764734653367
running_sum_resync100000,5450000,6.750155989720952e-14,9.891029397159857
running_sum_resync100000,5500000,7.105427357601002e-14,9.909784284662017
running_sum_resync100000,5550000,6.572520305780927e-14,9.905029397159858
running_sum_resync100000,5600000,6.750155989720952e-14,9.865029397159857
running_sum_resync100000,5650000,6.394884621840902e-14,9.90102939715986
running_sum_resync100000,5700000,6.750155989720952e-14,9.91978428466202
running_sum_resync100000,5750000,5.861977570020827e-14,9.883784284662028
running_sum_resync100000,5800000,6.572520305780927e-14,9.895029397159858
running_sum_resync100000,5850000,6.927791673660977e-14,9.873519622155527
running_sum_resync100000,5900000,6.217248937900877e-14,9.866274509657698
running_sum_resync100000,5950000,5.684341886080802e-14,9.860274509657703
running_sum_resync100000,6000000,6.750155989720952e-14,9.90178428466202
running_sum_resync100000,6050000,6.750155989720952e-14,9.88551962215553
running_sum_resync100000,6100000,6.750155989720952e-14,9.899029397159856
running_sum_resync100000,6150000,6.750155989720952e-14,9.92978428466202
running_sum_resync100000,6200000,6.394884621840902e-14,9.89902939715986
running_sum_resync100000,6250000,6.750155989720952e-14,9.883029397159856
running_sum_resync100000,6300000,6.927791673660977e-14,9.885519622155527
running_sum_resync100000,6350000,6.750155989720952e-14,9.881029397159857
running_sum_resync100000,6400000,5.684341886080802e-14,9.855029397159866
running_sum_resync100000,6450000,6.394884621840902e-14,9.867784284662022
running_sum_resync100000,6500000,6.394884621840902e-14,9.844764734653369
running_sum_resync100000,6550000,7.460698725481052e-14,9.891784284662013
running_sum_resync100000,6600000,7.283063041541027e-14,9.86676473465336
running_sum_resync100000,6650000,6.750155989720952e-14,9.828764734653365
running_sum_resync100000,6700000,6.750155989720952e-14,9.893519622155528
running_sum_resync100000,6750000,6.217248937900877e-14,9.872764734653371
running_sum_resync100000,6800000,6.572520305780927e-14,9.87351962215553
running_sum_resync100000,6850000,6.572520305780927e-14,9.891029397159858
running_sum_resync100000,6900000,6.750155989720952e-14,9.886764734653365
running_sum_resync100000,6950000,6.572520305780927e-14,9.853029397159858
running_sum_resync100000,7000000,5.684341886080802e-14,9.855029397159866
running_sum_resync100000,7050000,6.927791673660977e-14,9.882274509657691
running_sum_resync100000,7100000,6.394884621840902e-14,9.890274509657695
running_sum_resync100000,7150000,3.197442310920451e-14,6.358254819208495
running_sum_resync100000,7200000,6.572520305780927e-14,9.911029397159858
running_sum_resync100000,7250000,7.105427357601002e-14,9.899029397159852
running_sum_resync100000,7300000,6.927791673660977e-14,9.916274509657692
running_sum_resync100000,7350000,6.927791673660977e-14,9.895784284662017
running_sum_resync100000,7400000,6.750155989720952e-14,9.899029397159856
running_sum_resync100000,7450000,7.105427357601002e-14,9.889784284662015
running_sum_resync100000,7500000,6.572520305780927e-14,9.897029397159859
running_sum_resync100000,7550000,6.572520305780927e-14,9.901029397159858
running_sum_resync100000,7600000,6.217248937900877e-14,9.887784284662025
running_sum_resync100000,7650000,6.217248937900877e-14,9.890274509657697
running_sum_resync100000,7700000,5.861977570020827e-14,9.859784284662028
running_sum_resync100000,7750000,6.927791673660977e-14,9.900274509657692
running_sum_resync100000,7800000,6.750155989720952e-14,9.90378428466202
running_sum_resync100000,7850000,6.039613253960852e-14,9.879519622155536
running_sum_resync100000,7900000,6.750155989720952e-14,9.901029397159856
running_sum_resync100000,7950000,6.750155989720952e-14,9.899029397159856
running_sum_resync100000,8000000,6.927791673660977e-14,9.895029397159854
running_sum_resync100000,8050000,7.105427357601002e-14,9.88427450965769
running_sum_resync100000,8100000,6.750155989720952e-14,9.870009847151202
running_sum_resync100000,8150000,6.927791673660977e-14,9.887784284662018
running_sum_resync100000,8200000,6.750155989720952e-14,9.884274509657693
running_sum_resync100000,8250000,6.750155989720952e-14,9.872274509657693
running_sum_resync100000,8300000,6.927791673660977e-14,9.887784284662018
running_sum_resync100000,8350000,6.394884621840902e-14,9.871029397159859
running_sum_resync100000,8400000,7.105427357601002e-14,9.860274509657689
running_sum_resync100000,8450000,6.927791673660977e-14,9.897784284662018
running_sum_resync100000,8500000,6.750155989720952e-14,9.901029397159856
running_sum_resync100000,8550000,6.572520305780927e-14,9.891029397159858
running_sum_resync100000,8600000,6.927791673660977e-14,9.893784284662019
running_sum_resync100000,8650000,6.927791673660977e-14,9.89227450965769
running_sum_resync100000,8700000,6.750155989720952e-14,9.889519622155529
running_sum_resync100000,8750000,6.217248937900877e-14,9.889029397159861
running_sum_resync100000,8800000,6.217248937900877e-14,9.889029397159861
running_sum_resync100000,8850000,6.217248937900877e-14,9.882274509657698
running_sum_resync100000,8900000,6.217248937900877e-14,9.866274509657698
running_sum_resync100000,8950000,6.039613253960852e-14,9.8822745096577
running_sum_resync100000,9000000,6.394884621840902e-14,9.856274509657696
running_sum_resync100000,9050000,7.105427357601002e-14,9.891029397159853
running_sum_resync100000,9100000,6.572520305780927e-14,9.913029397159859
running_sum_resync100000,9150000,6.750155989720952e-14,9.873519622155529
running_sum_resync100000,9200000,6.394884621840902e-14,9.874274509657695
running_sum_resync100000,9250000,6.750155989720952e-14,9.881029397159857
running_sum_resync100000,9300000,6.394884621840902e-14,9.867519622155532
running_sum_resync100000,9350000,6.394884621840902e-14,9.89502939715986
running_sum_resync100000,9400000,6.750155989720952e-14,9.889519622155529
running_sum_resync100000,9450000,6.572520305780927e-14,9.85751962215553
running_sum_resync100000,9500000,6.039613253960852e-14,9.879519622155536
running_sum_resync100000,9550000,6.572520305780927e-14,9.887029397159857
running_sum_resync100000,9600000,6.394884621840902e-14,9.883519622155532
running_sum_resync100000,9650000,6.572520305780927e-14,9.897029397159859
running_sum_resync100000,9700000,6.927791673660977e-14,9.901029397159855
running_sum_resync100000,9750000,6.572520305780927e-14,9.907029397159858
running_sum_resync100000,9800000,7.105427357601002e-14,9.885784284662016
running_sum_resync100000,9850000,6.750155989720952e-14,9.88578428466202
running_sum_resync100000,9900000,6.394884621840902e-14,9.857519622155532
running_sum_resync100000,9950000,7.460698725481052e-14,9.875519622155522
running_sum_resync100000,10000000,6.394884621840902e-14,9.871519622155533
running_sum_resync100000,10050000,6.394884621840902e-14,9.861519622155532
running_sum_resync100000,10100000,6.750155989720952e-14,9.85551962215553
running_sum_resync100000,10150000,6.394884621840902e-14,9.863519622155533
running_sum_resync100000,10200000,6.927791673660977e-14,9.877784284662019
running_sum_resync100000,10250000,6.394884621840902e-14,9.88902939715986
running_sum_resync100000,10300000,7.638334409421077e-14,9.884274509657685
running_sum_resync100000,10350000,6.927791673660977e-14,9.857254959649037
running_sum_resync100000,10400000,6.217248937900877e-14,9.87676473465337
running_sum_resync100000,10450000,6.394884621840902e-14,9.887029397159859
running_sum_resync100000,10500000,6.039613253960852e-14,9.869029397159863
running_sum_resync100000,10550000,6.572520305780927e-14,9.897029397159859
running_sum_resync100000,10600000,6.572520305780927e-14,9.868764734653368
running_sum_resync100000,10650000,6.927791673660977e-14,9.897784284662018
running_sum_resync100000,10700000,7.105427357601002e-14,9.858358362696796
running_sum_resync100000,10750000,4.796163466380676e-14,4.118650270563758
running_sum_resync100000,10800000,6.927791673660977e-14,9.887029397159854
running_sum_resync100000,10850000,6.750155989720952e-14,9.90178428466202
running_sum_resync100000,10900000,6.039613253960852e-14,9.903029397159862
running_sum_resync100000,10950000,6.750155989720952e-14,9.889784284662019
running_sum_resync100000,11000000,6.750155989720952e-14,9.90178428466202
running_sum_resync100000,11050000,6.039613253960852e-14,9.875029397159864
running_sum_resync100000,11100000,6.572520305780927e-14,9.901784284662021
running_sum_resync100000,11150000,6.927791673660977e-14,9.889784284662017
running_sum_resync100000,11200000,6.750155989720952e-14,9.882274509657693
running_sum_resync100000,11250000,6.927791673660977e-14,9.891029397159855
running_sum_resync100000,11300000,6.394884621840902e-14,9.89502939715986
running_sum_resync100000,11350000,7.105427357601002e-14,9.886274509657689
running_sum_resync100000,11400000,6.394884621840902e-14,9.898274509657696
running_sum_resync100000,11450000,6.750155989720952e-14,9.907029397159857
running_sum_resync100000,11500000,6.039613253960852e-14,9.915029397159863
running_sum_resync100000,11550000,6.927791673660977e-14,9.90627450965769
running_sum_resync100000,11600000,6.217248937900877e-14,9.905029397159861
running_sum_resync100000,11650000,6.394884621840902e-14,9.893029397159859
running_sum_resync100000,11700000,6.927791673660977e-14,9.882274509657691
running_sum_resync100000,11750000,6.572520305780927e-14,9.896274509657694
running_sum_resync100000,11800000,6.572520305780927e-14,9.866764734653367
running_sum_resync100000,11850000,6.394884621840902e-14,9.880274509657696
running_sum_resync100000,11900000,6.394884621840902e-14,9.871029397159859
running_sum_resync100000,11950000,6.394884621840902e-14,9.86902939715986
running_sum_resync100000,12000000,6.572520305780927e-14,9.885029397159858
running_sum_resync10000,50000,6.927791673660977e-14,9.921029397159854
running_sum_resync10000,100000,6.572520305780927e-14,9.903029397159857
running_sum_resync10000,150000,6.750155989720952e-14,9.874009847151202
running_sum_resync10000,200000,6.394884621840902e-14,9.889784284662023
running_sum_resync10000,250000,6.750155989720952e-14,9.879029397159856
running_sum_resync10000,300000,6.039613253960852e-14,9.868764734653373
running_sum_resync10000,350000,6.394884621840902e-14,9.874500072146878
running_sum_resync10000,400000,6.217248937900877e-14,9.892274509657698
running_sum_resync10000,450000,6.217248937900877e-14,9.890274509657697
running_sum_resync10000,500000,6.217248937900877e-14,9.866274509657698
running_sum_resync10000,550000,6.750155989720952e-14,9.874274509657692
running_sum_resync10000,600000,6.750155989720952e-14,9.872274509657693
running_sum_resync10000,650000,6.750155989720952e-14,9.901029397159856
running_sum_resync10000,700000,6.572520305780927e-14,9.909784284662022
running_sum_resync10000,750000,6.927791673660977e-14,9.907029397159855
running_sum_resync10000,800000,6.394884621840902e-14,9.89702939715986
running_sum_resync10000,850000,6.750155989720952e-14,9.895029397159856
running_sum_resync10000,900000,5.861977570020827e-14,9.877519622155537
running_sum_resync10000,950000,6.750155989720952e-14,9.866274509657693
running_sum_resync10000,1000000,7.283063041541027e-14,9.892274509657687
running_sum_resync10000,1050000,7.283063041541027e-14,9.878274509657688
running_sum_resync10000,1100000,6.394884621840902e-14,9.884274509657697
running_sum_resync10000,1150000,6.039613253960852e-14,9.859519622155537
running_sum_resync10000,1200000,6.927791673660977e-14,9.885784284662018
running_sum_resync10000,1250000,6.927791673660977e-14,9.893029397159854
running_sum_resync10000,1300000,6.750155989720952e-14,9.873029397159856
running_sum_resync10000,1350000,7.460698725481052e-14,9.897519622155523
running_sum_resync10000,1400000,6.394884621840902e-14,9.88902939715986
running_sum_resync10000,1450000,6.750155989720952e-14,9.881029397159857
running_sum_resync10000,1500000,6.572520305780927e-14,9.86751962215553
running_sum_resync10000,1550000,6.394884621840902e-14,9.897784284662023
running_sum_resync10000,1600000,6.927791673660977e-14,9.884764734653364
running_sum_resync10000,1650000,6.927791673660977e-14,9.860764734653364
running_sum_resync10000,1700000,6.394884621840902e-14,9.904274509657697
running_sum_resync10000,1750000,6.927791673660977e-14,9.894274509657691
running_sum_resync10000,1800000,6.927791673660977e-14,9.873029397159854
running_sum_resync10000,1850000,6.750155989720952e-14,9.88751962215553
running_sum_resync10000,1900000,7.105427357601002e-14,9.891029397159853
running_sum_resync10000,1950000,6.039613253960852e-14,9.873029397159863
running_sum_resync10000,2000000,6.927791673660977e-14,9.881029397159855
running_sum_resync10000,2050000,6.217248937900877e-14,9.883029397159861
running_sum_resync10000,2100000,6.394884621840902e-14,9.87302939715986
running_sum_resync10000,2150000,6.394884621840902e-14,9.892274509657696
running_sum_resync10000,2200000,6.750155989720952e-14,9.877029397159856
running_sum_resync10000,2250000,6.927791673660977e-14,9.903029397159854
running_sum_resync10000,2300000,6.394884621840902e-14,9.895784284662023
running_sum_resync10000,2350000,6.750155989720952e-14,9.885029397159856
running_sum_resync10000,2400000,6.927791673660977e-14,9.884764734653364
running_sum_resync10000,2450000,6.927791673660977e-14,9.899784284662017
running_sum_resync10000,2500000,7.283063041541027e-14,9.880274509657687
running_sum_resync10000,2550000,6.750155989720952e-14,9.89578428466202
running_sum_resync10000,2600000,6.572520305780927e-14,9.92178428466202
running_sum_resync10000,2650000,6.927791673660977e-14,9.879784284662017
running_sum_resync10000,2700000,6.039613253960852e-14,9.879029397159863
running_sum_resync10000,2750000,7.105427357601002e-14,9.853029397159853
running_sum_resync10000,2800000,7.105427357601002e-14,9.865029397159853
running_sum_resync10000,2850000,6.750155989720952e-14,9.889029397159856
running_sum_resync10000,2900000,6.394884621840902e-14,9.86702939715986
running_sum_resync10000,2950000,6.039613253960852e-14,9.845519622155535
running_sum_resync10000,3000000,6.750155989720952e-14,9.863029397159856
running_sum_resync10000,3050000,5.684341886080802e-14,9.877519622155539
running_sum_resync10000,3100000,6.927791673660977e-14,9.859519622155528
running_sum_resync10000,3150000,6.927791673660977e-14,9.869519622155527
running_sum_resync10000,3200000,5.684341886080802e-14,9.886274509657703
running_sum_resync10000,3250000,6.927791673660977e-14,9.875784284662018
running_sum_resync10000,3300000,6.217248937900877e-14,9.882764734653371
running_sum_resync10000,3350000,6.394884621840902e-14,9.882274509657696
running_sum_resync10000,3400000,6.750155989720952e-14,9.895029397159856
running_sum_resync10000,3450000,6.750155989720952e-14,9.875029397159857
running_sum_resync10000,3500000,7.105427357601002e-14,9.883029397159852
running_sum_resync10000,3550000,6.572520305780927e-14,9.868764734653368
running_sum_resync10000,3600000,6.927791673660977e-14,9.90227450965769
running_sum_resync10000,3650000,6.572520305780927e-14,9.904274509657695
running_sum_resync10000,3700000,6.039613253960852e-14,9.899784284662026
running_sum_resync10000,3750000,6.927791673660977e-14,9.905029397159854
running_sum_resync10000,3800000,6.750155989720952e-14,9.911029397159856
running_sum_resync10000,3850000,6.394884621840902e-14,9.89502939715986
running_sum_resync10000,3900000,6.927791673660977e-14,9.888274509657691
running_sum_resync10000,3950000,6.394884621840902e-14,9.873377912705456
running_sum_resync10000,4000000,7.105427357601002e-14,9.895519622155525
running_sum_resync10000,4050000,6.750155989720952e-14,9.891029397159857
running_sum_resync10000,4100000,6.750155989720952e-14,9.895029397159856
running_sum_resync10000,4150000,6.572520305780927e-14,9.86351962215553
running_sum_resync10000,4200000,6.572520305780927e-14,9.881029397159859
running_sum_resync10000,4250000,6.572520305780927e-14,9.919784284662022
running_sum_resync10000,4300000,7.105427357601002e-14,9.935784284662017
running_sum_resync10000,4350000,6.572520305780927e-14,9.878274509657695
running_sum_resync10000,4400000,6.394884621840902e-14,9.895519622155533
running_sum_resync10000,4450000,6.394884621840902e-14,9.879519622155533
running_sum_resync10000,4500000,6.750155989720952e-14,9.905784284662019
running_sum_resync10000,4550000,6.750155989720952e-14,9.897029397159857
running_sum_resync10000,4600000,5.684341886080802e-14,9.86978428466203
running_sum_resync10000,4650000,6.572520305780927e-14,9.886274509657694
running_sum_resync10000,4700000,6.750155989720952e-14,9.869029397159856
running_sum_resync10000,4750000,6.750155989720952e-14,9.861519622155528
running_sum_resync10000,4800000,7.283063041541027e-14,9.872274509657688
running_sum_resync10000,4850000,6.572520305780927e-14,9.903029397159857
running_sum_resync10000,4900000,6.750155989720952e-14,9.900274509657693
running_sum_resync10000,4950000,6.217248937900877e-14,9.869029397159862
running_sum_resync10000,5000000,6.927791673660977e-14,9.887029397159854
running_sum_resync10000,5050000,6.217248937900877e-14,9.862274509657698
running_sum_resync10000,5100000,6.572520305780927e-14,9.872274509657695
running_sum_resync10000,5150000,6.572520305780927e-14,9.885784284662021
running_sum_resync10000,5200000,6.927791673660977e-14,9.907029397159855
running_sum_resync10000,5250000,7.105427357601002e-14,9.889029397159852
running_sum_resync10000,5300000,6.572520305780927e-14,9.899029397159858
running_sum_resync10000,5350000,7.105427357601002e-14,9.899029397159852
running_sum_resync10000,5400000,6.572520305780927e-14,9.870764734653367
running_sum_resync10000,5450000,6.750155989720952e-14,9.891029397159857
running_sum_resync10000,5500000,7.105427357601002e-14,9.909784284662017
running_sum_resync10000,5550000,6.572520305780927e-14,9.905029397159858
running_sum_resync10000,5600000,6.750155989720952e-14,9.865029397159857
running_sum_resync10000,5650000,6.394884621840902e-14,9.90102939715986
running_sum_resync10000,5700000,6.750155989720952e-14,9.91978428466202
running_sum_resync10000,5750000,5.861977570020827e-14,9.883784284662028
running_sum_resync10000,5800000,6.572520305780927e-14,9.895029397159858
running_sum_resync10000,5850000,6.927791673660977e-14,9.873519622155527
running_sum_resync10000,5900000,6.217248937900877e-14,9.866274509657698
running_sum_resync10000,5950000,5.684341886080802e-14,9.860274509657703
running_sum_resync10000,6000000,6.750155989720952e-14,9.90178428466202
running_sum_resync10000,6050000,6.750155989720952e-14,9.88551962215553
running_sum_resync10000,6100000,6.750155989720952e-14,9.899029397159856
running_sum_resync10000,6150000,6.750155989720952e-14,9.92978428466202
running_sum_resync10000,6200000,6.394884621840902e-14,9.89902939715986
running_sum_resync10000,6250000,6.750155989720952e-14,9.883029397159856
running_sum_resync10000,6300000,6.927791673660977e-14,9.885519622155527
running_sum_resync10000,6350000,6.750155989720952e-14,9.881029397159857
running_sum_resync10000,6400000,5.684341886080802e-14,9.855029397159866
running_sum_resync10000,6450000,6.394884621840902e-14,9.867784284662022
running_sum_resync10000,6500000,6.394884621840902e-14,9.844764734653369
running_sum_resync10000,6550000,7.460698725481052e-14,9.891784284662013
running_sum_resync10000,6600000,7.283063041541027e-14,9.86676473465336
running_sum_resync10000,6650000,6.750155989720952e-14,9.828764734653365
running_sum_resync10000,6700000,6.750155989720952e-14,9.893519622155528
running_sum_resync10000,6750000,6.217248937900877e-14,9.872764734653371
running_sum_resync10000,6800000,6.572520305780927e-14,9.87351962215553
running_sum_resync10000,6850000,6.572520305780927e-14,9.891029397159858
running_sum_resync10000,6900000,6.750155989720952e-14,9.886764734653365
running_sum_resync10000,6950000,6.572520305780927e-14,9.853029397159858
running_sum_resync10000,7000000,5.684341886080802e-14,9.855029397159866
running_sum_resync10000,7050000,6.927791673660977e-14,9.882274509657691
running_sum_resync10000,7100000,6.394884621840902e-14,9.890274509657695
running_sum_resync10000,7150000,2.220446049250313e-14,6.358254819208495
running_sum_resync10000,7200000,6.572520305780927e-14,9.911029397159858
running_sum_resync10000,7250000,7.105427357601002e-14,9.899029397159852
running_sum_resync10000,7300000,6.927791673660977e-14,9.916274509657692
running_sum_resync10000,7350000,6.927791673660977e-14,9.895784284662017
running_sum_resync10000,7400000,6.750155989720952e-14,9.899029397159856
running_sum_resync10000,7450000,7.105427357601002e-14,9.889784284662015
running_sum_resync10000,7500000,6.572520305780927e-14,9.897029397159859
running_sum_resync10000,7550000,6.572520305780927e-14,9.901029397159858
running_sum_resync10000,7600000,6.217248937900877e-14,9.887784284662025
running_sum_resync10000,7650000,6.217248937900877e-14,9.890274509657697
running_sum_resync10000,7700000,5.861977570020827e-14,9.859784284662028
running_sum_resync10000,7750000,6.927791673660977e-14,9.900274509657692
running_sum_resync10000,7800000,6.750155989720952e-14,9.90378428466202
running_sum_resync10000,7850000,6.039613253960852e-14,9.879519622155536
running_sum_resync10000,7900000,6.750155989720952e-14,9.901029397159856
running_sum_resync10000,7950000,6.750155989720952e-14,9.899029397159856
running_sum_resync10000,8000000,6.927791673660977e-14,9.895029397159854
running_sum_resync10000,8050000,7.105427357601002e-14,9.88427450965769
running_sum_resync10000,8100000,6.750155989720952e-14,9.870009847151202
running_sum_resync10000,8150000,6.927791673660977e-14,9.887784284662018
running_sum_resync10000,8200000,6.750155989720952e-14,9.884274509657693
running_sum_resync10000,8250000,6.750155989720952e-14,9.872274509657693
running_sum_resync10000,8300000,6.927791673660977e-14,9.887784284662018
running_sum_resync10000,8350000,6.394884621840902e-14,9.871029397159859
running_sum_resync10000,8400000,7.105427357601002e-14,9.860274509657689
running_sum_resync10000,8450000,6.927791673660977e-14,9.897784284662018
running_sum_resync10000,8500000,6.750155989720952e-14,9.901029397159856
running_sum_resync10000,8550000,6.572520305780927e-14,9.891029397159858
running_sum_resync10000,8600000,6.927791673660977e-14,9.893784284662019
running_sum_resync10000,8650000,6.927791673660977e-14,9.89227450965769
running_sum_resync10000,8700000,6.750155989720952e-14,9.889519622155529
running_sum_resync10000,8750000,6.217248937900877e-14,9.889029397159861
running_sum_resync10000,8800000,6.217248937900877e-14,9.889029397159861
running_sum_resync10000,8850000,6.217248937900877e-14,9.882274509657698
running_sum_resync10000,8900000,6.217248937900877e-14,9.866274509657698
running_sum_resync10000,8950000,6.039613253960852e-14,9.8822745096577
running_sum_resync10000,9000000,6.394884621840902e-14,9.856274509657696
running_sum_resync10000,9050000,7.105427357601002e-14,9.891029397159853
running_sum_resync10000,9100000,6.572520305780927e-14,9.913029397159859
running_sum_resync10000,9150000,6.750155989720952e-14,9.873519622155529
running_sum_resync10000,9200000,6.394884621840902e-14,9.874274509657695
running_sum_resync10000,9250000,6.750155989720952e-14,9.881029397159857
running_sum_resync10000,9300000,6.394884621840902e-14,9.867519622155532
running_sum_resync10000,9350000,6.394884621840902e-14,9.89502939715986
running_sum_resync10000,9400000,6.750155989720952e-14,9.889519622155529
running_sum_resync10000,9450000,6.572520305780927e-14,9.85751962215553
running_sum_resync10000,9500000,6.039613253960852e-14,9.879519622155536
running_sum_resync10000,9550000,6.572520305780927e-14,9.887029397159857
running_sum_resync10000,9600000,6.394884621840902e-14,9.883519622155532
running_sum_resync10000,9650000,6.572520305780927e-14,9.897029397159859
running_sum_resync10000,9700000,6.927791673660977e-14,9.901029397159855
running_sum_resync10000,9750000,6.572520305780927e-14,9.907029397159858
running_sum_resync10000,9800000,7.105427357601002e-14,9.885784284662016
running_sum_resync10000,9850000,6.750155989720952e-14,9.88578428466202
running_sum_resync10000,9900000,6.394884621840902e-14,9.857519622155532
running_sum_resync10000,9950000,7.460698725481052e-14,9.875519622155522
running_sum_resync10000,10000000,6.394884621840902e-14,9.871519622155533
running_sum_resync10000,10050000,6.394884621840902e-14,9.861519622155532
running_sum_resync10000,10100000,6.750155989720952e-14,9.85551962215553
running_sum_resync10000,10150000,6.394884621840902e-14,9.863519622155533
running_sum_resync10000,10200000,6.927791673660977e-14,9.877784284662019
running_sum_resync10000,10250000,6.394884621840902e-14,9.88902939715986
running_sum_resync10000,10300000,7.638334409421077e-14,9.884274509657685
running_sum_resync10000,10350000,6.927791673660977e-14,9.857254959649037
running_sum_resync10000,10400000,6.217248937900877e-14,9.87676473465337
running_sum_resync10000,10450000,6.394884621840902e-14,9.887029397159859
running_sum_resync10000,10500000,6.039613253960852e-14,9.869029397159863
running_sum_resync10000,10550000,6.572520305780927e-14,9.897029397159859
running_sum_resync10000,10600000,6.572520305780927e-14,9.868764734653368
running_sum_resync10000,10650000,6.927791673660977e-14,9.897784284662018
running_sum_resync10000,10700000,7.105427357601002e-14,9.858358362696796
running_sum_resync10000,10750000,3.108624468950438e-14,4.118650270563758
running_sum_resync10000,10800000,6.927791673660977e-14,9.887029397159854
running_sum_resync10000,10850000,6.750155989720952e-14,9.90178428466202
running_sum_resync10000,10900000,6.039613253960852e-14,9.903029397159862
running_sum_resync10000,10950000,6.750155989720952e-14,9.889784284662019
running_sum_resync10000,11000000,6.750155989720952e-14,9.90178428466202
running_sum_resync10000,11050000,6.039613253960852e-14,9.875029397159864
running_sum_resync10000,11100000,6.572520305780927e-14,9.901784284662021
running_sum_resync10000,11150000,6.927791673660977e-14,9.889784284662017
running_sum_resync10000,11200000,6.750155989720952e-14,9.882274509657693
running_sum_resync10000,11250000,6.927791673660977e-14,9.891029397159855
running_sum_resync10000,11300000,6.394884621840902e-14,9.89502939715986
running_sum_resync10000,11350000,7.105427357601002e-14,9.886274509657689
running_sum_resync10000,11400000,6.394884621840902e-14,9.898274509657696
running_sum_resync10000,11450000,6.750155989720952e-14,9.907029397159857
running_sum_resync10000,11500000,6.039613253960852e-14,9.915029397159863
running_sum_resync10000,11550000,6.927791673660977e-14,9.90627450965769
running_sum_resync10000,11600000,6.217248937900877e-14,9.905029397159861
running_sum_resync10000,11650000,6.394884621840902e-14,9.893029397159859
running_sum_resync10000,11700000,6.927791673660977e-14,9.882274509657691
running_sum_resync10000,11750000,6.572520305780927e-14,9.896274509657694
running_sum_resync10000,11800000,6.572520305780927e-14,9.866764734653367
running_sum_resync10000,11850000,6.394884621840902e-14,9.880274509657696
running_sum_resync10000,11900000,6.394884621840902e-14,9.871029397159859
running_sum_resync10000,11950000,6.394884621840902e-14,9.86902939715986
running_sum_resync10000,12000000,6.572520305780927e-14,9.885029397159858
