feature_set,feature,family,min,max,mean,std,n_unique,is_constant,mutual_info,single_feature_auc
original,Destination_Port,cicflowmeter,0.0,65535.0,32609.51171875,19054.083984375,65524,False,0.03949605202521411,0.8324491829606824
original,Flow_Duration,cicflowmeter,1.0,119992888.0,5851066.0,17111222.0,431122,False,0.03154239846235851,0.7806036930894222
original,Total_Fwd_Packets,cicflowmeter,1.0,15614.0,2.9771928787231445,11.685327529907227,249,False,0.029436114422904947,0.5458247571510904
original,Total_Backward_Packets,cicflowmeter,0.0,8029.0,1.2299801111221313,7.933715343475342,336,False,0.010212631234285174,0.6689932900874718
original,Total_Length_of_Fwd_Packets,cicflowmeter,0.0,208524.0,26.11788558959961,386.33502197265625,2744,False,0.04307511404647024,0.6823196763922288
original,Total_Length_of_Bwd_Packets,cicflowmeter,0.0,12892434.0,75.93939971923828,12329.5849609375,3207,False,0.023477414367278793,0.6883986031562914
original,Fwd_Packet_Length_Max,cicflowmeter,0.0,3625.0,7.870426654815674,45.136714935302734,1283,False,0.04306829389763023,0.7370480297721185
original,Fwd_Packet_Length_Min,cicflowmeter,0.0,2033.0,6.416391372680664,13.277728080749512,106,False,0.04612832196883343,0.5517596551220604
original,Fwd_Packet_Length_Mean,cicflowmeter,0.0,2033.0,6.670101165771484,15.397396087646484,3658,False,0.05089525829669794,0.7286641590984433
original,Fwd_Packet_Length_Std,cicflowmeter,0.0,1386.6363525390625,0.4454229772090912,12.977679252624512,3896,False,0.014273324760445849,0.6775356069838698
original,Bwd_Packet_Length_Max,cicflowmeter,0.0,3627.0,5.697152137756348,79.37950134277344,794,False,0.02214046010072679,0.6933551296020939
original,Bwd_Packet_Length_Min,cicflowmeter,0.0,1460.0,2.8685383796691895,6.083736896514893,176,False,0.019738901057143043,0.5640662204045379
original,Bwd_Packet_Length_Mean,cicflowmeter,0.0,1848.7894287109375,3.577296733856201,24.30332374572754,3881,False,0.02274716914466446,0.6932104477961998
original,Bwd_Packet_Length_Std,cicflowmeter,0.0,1166.2626953125,0.8495054244995117,23.45408058166504,3937,False,0.007529884262412412,0.5991168154136641
original,Flow_Bytes_s,cicflowmeter,0.0,1734000000.0,5432285.5,13380114.0,442240,False,0.042630400558884896,0.7710946442240032
original,Flow_Packets_s,cicflowmeter,0.03571637347340584,4000000.0,852924.0,949536.75,440458,False,0.050927802031189184,0.7689446768811125
original,Flow_IAT_Mean,cicflowmeter,0.3333333432674408,51200016.0,505846.78125,1519691.25,441329,False,0.02930754402978275,0.7664204953674864
original,Flow_IAT_Std,cicflowmeter,0.0,64659444.0,843518.375,2484850.0,447599,False,0.025948723829312792,0.7434944890033273
original,Flow_IAT_Max,cicflowmeter,1.0,117569200.0,2247553.25,6647751.0,430198,False,0.03233970978957379,0.7755037142581074
original,Flow_IAT_Min,cicflowmeter,0.0,51200016.0,501.7608337402344,106764.6484375,1698,False,0.010287295483278225,0.6847013803684945
original,Fwd_IAT_Total,cicflowmeter,0.0,119992888.0,5847989.0,17110422.0,422930,False,0.02165715379363753,0.6264026082631711
original,Fwd_IAT_Mean,cicflowmeter,0.0,51200016.0,679871.625,1969575.875,427483,False,0.018146620513649125,0.609898178679987
original,Fwd_IAT_Std,cicflowmeter,0.0,67905824.0,935240.1875,2750029.75,434199,False,0.00879157286417076,0.6039280684650794
original,Fwd_IAT_Max,cicflowmeter,0.0,117616336.0,2245994.0,6647304.0,421786,False,0.0224922976165447,0.6190799289345879
original,Fwd_IAT_Min,cicflowmeter,0.0,51200016.0,492.228759765625,106819.40625,519,False,0.010722325517708686,0.5509196688272763
original,Bwd_IAT_Total,cicflowmeter,0.0,119941048.0,2187884.0,9812873.0,232989,False,0.013707723018382634,0.7020078231783744
original,Bwd_IAT_Mean,cicflowmeter,0.0,50186792.0,448943.375,2035259.5,235395,False,0.011721505765887374,0.6946843834028381
original,Bwd_IAT_Std,cicflowmeter,0.0,70974840.0,768787.5625,3519382.75,236871,False,0.005766205754944909,0.5898827926053591
original,Bwd_IAT_Max,cicflowmeter,0.0,117633432.0,1615630.625,7230163.0,232359,False,0.014109676787080416,0.6988286663216078
original,Bwd_IAT_Min,cicflowmeter,0.0,258.0,1.767724871635437,7.76615571975708,154,False,0.006849434882806649,0.669115757546939
original,Fwd_PSH_Flags,cicflowmeter,0.0,1.0,0.0014236405258998275,0.03770429641008377,2,False,0.006892279512284327,0.5791779355341176
original,Bwd_PSH_Flags,cicflowmeter,0.0,0.0,0.0,0.0,1,True,0.00024275135716722573,0.5
original,Fwd_URG_Flags,cicflowmeter,0.0,0.0,0.0,0.0,1,True,0.0004485257897312023,0.5
original,Bwd_URG_Flags,cicflowmeter,0.0,0.0,0.0,0.0,1,True,0.0002275810756161567,0.5
original,Fwd_Header_Length,cicflowmeter,0.0,148752.0,59.78539276123047,138.80709838867188,566,False,0.033355752922962,0.6081307656677533
original,Bwd_Header_Length,cicflowmeter,0.0,256944.0,25.228572845458984,216.03128051757812,712,False,0.01667776318230796,0.6916797659376415
original,Fwd_Packets_s,cicflowmeter,0.009962762705981731,3000000.0,844776.25,956174.4375,435630,False,0.05062726841702958,0.7732638044445751
original,Bwd_Packets_s,cicflowmeter,0.0,2000000.0,8147.7900390625,18733.5703125,346030,False,0.026948259628832627,0.5595834657231542
original,Min_Packet_Length,cicflowmeter,0.0,1017.0,6.406470775604248,12.88808536529541,82,False,0.0457785071164446,0.5575377919516247
original,Max_Packet_Length,cicflowmeter,0.0,3627.0,9.684443473815918,84.03997039794922,1200,False,0.03908032083328428,0.7517871634965185
original,Packet_Length_Mean,cicflowmeter,0.0,1721.142822265625,6.9871296882629395,20.107208251953125,5088,False,0.05179567841493571,0.7380657509238336
original,Packet_Length_Std,cicflowmeter,0.0,1200.5487060546875,0.8963785767555237,21.592363357543945,5085,False,0.029775019904066502,0.8302099672651923
original,Packet_Length_Variance,cicflowmeter,0.0,1441317.25,467.0337829589844,15298.513671875,5085,False,0.029807551055777592,0.8302099672651923
original,FIN_Flag_Count,cicflowmeter,0.0,0.0,0.0,0.0,1,True,3.4657139336147225e-05,0.5
original,SYN_Flag_Count,cicflowmeter,0.0,1.0,0.00022251346672419459,0.0149152260273695,2,False,0.0,0.5018722203991035
original,RST_Flag_Count,cicflowmeter,0.0,1.0,0.0014236405258998275,0.03770429641008377,2,False,0.006661553582130164,0.5791779355341176
original,PSH_Flag_Count,cicflowmeter,0.0,0.0,0.0,0.0,1,True,0.000139693231394733,0.5
original,ACK_Flag_Count,cicflowmeter,0.0,1.0,0.9917344450950623,0.09053873270750046,2,False,0.0818234637728763,0.8891666925080837
original,URG_Flag_Count,cicflowmeter,0.0,1.0,0.004702581092715263,0.06841393560171127,2,False,0.019044633851985848,0.7361691105084545
original,CWE_Flag_Count,cicflowmeter,0.0,1.0,0.002435394562780857,0.04928959161043167,2,False,0.008714290058944196,0.6169197016301926
original,ECE_Flag_Count,cicflowmeter,0.0,0.0,0.0,0.0,1,True,0.00020715115195502065,0.5
original,Down_Up_Ratio,cicflowmeter,0.0,15.0,0.3532413840293884,0.4875362515449524,14,False,0.021719808191711376,0.641108911278518
original,Average_Packet_Size,cicflowmeter,0.0,2007.5,9.399211883544922,25.19088363647461,5129,False,0.04791960289019026,0.7505424440246313
original,Avg_Fwd_Segment_Size,cicflowmeter,0.0,2033.0,6.670101165771484,15.397396087646484,3658,False,0.051298916925469396,0.7286641590984433
original,Avg_Bwd_Segment_Size,cicflowmeter,0.0,1848.7894287109375,3.577296733856201,24.30332374572754,3881,False,0.02264218691901987,0.6932104477961998
original,Fwd_Header_Length_2,cicflowmeter,0.0,148752.0,59.78539276123047,138.80709838867188,566,False,0.03335356648081622,0.6081307656677533
original,Fwd_Avg_Bytes_Bulk,cicflowmeter,0.0,0.0,0.0,0.0,1,True,2.2906520646959194e-05,0.5
original,Fwd_Avg_Packets_Bulk,cicflowmeter,0.0,0.0,0.0,0.0,1,True,6.161198541931867e-05,0.5
original,Fwd_Avg_Bulk_Rate,cicflowmeter,0.0,0.0,0.0,0.0,1,True,2.4944957772499166e-05,0.5
original,Bwd_Avg_Bytes_Bulk,cicflowmeter,0.0,0.0,0.0,0.0,1,True,8.729493893322449e-05,0.5
original,Bwd_Avg_Packets_Bulk,cicflowmeter,0.0,0.0,0.0,0.0,1,True,1.4048893993257039e-05,0.5
original,Bwd_Avg_Bulk_Rate,cicflowmeter,0.0,0.0,0.0,0.0,1,True,0.0,0.5
original,Subflow_Fwd_Packets,cicflowmeter,1.0,15614.0,2.9771928787231445,11.685327529907227,249,False,0.028919773428953577,0.5458247571510904
original,Subflow_Fwd_Bytes,cicflowmeter,0.0,208524.0,26.11788558959961,386.33502197265625,2744,False,0.04304913680617184,0.6823196763922288
original,Subflow_Bwd_Packets,cicflowmeter,0.0,8029.0,1.2299801111221313,7.933715343475342,336,False,0.010430741951530376,0.6689932900874718
original,Subflow_Bwd_Bytes,cicflowmeter,0.0,12892434.0,75.93939971923828,12329.5849609375,3207,False,0.023462540292959688,0.6883986031562914
original,Init_Win_bytes_forward,cicflowmeter,-1.0,65535.0,5835.1318359375,1133.1112060546875,1299,False,0.09848442386684775,0.6873401572208849
original,Init_Win_bytes_backward,cicflowmeter,-1.0,65535.0,24.467491149902344,961.10791015625,1019,False,0.018495481370882416,0.5880559647702938
original,act_data_pkt_fwd,cicflowmeter,0.0,3888.0,1.9336516857147217,4.129005432128906,203,False,0.027102057255809497,0.5303784075265389
original,min_seg_size_forward,cicflowmeter,0.0,44.0,20.04695701599121,0.8364893198013306,7,False,0.058248475109101805,0.6734352569259878
original,Active_Mean,cicflowmeter,0.0,40789148.0,14166.9208984375,147762.390625,70156,False,0.0038120363960759684,0.5376958524764002
original,Active_Std,cicflowmeter,0.0,14508515.0,22603.748046875,204058.8125,105028,False,0.0025060110251461376,0.5203468075878007
original,Active_Max,cicflowmeter,0.0,40789148.0,45085.06640625,398052.25,67292,False,0.004017720298991279,0.5374112673488458
original,Active_Min,cicflowmeter,0.0,40789148.0,1543.9366455078125,83402.2421875,5297,False,0.0066450242567974716,0.5403628438726
original,Idle_Mean,cicflowmeter,0.0,117569200.0,1652631.5,4958605.5,393857,False,0.0050419897240919775,0.5304410825087752
original,Idle_Std,cicflowmeter,0.0,69614024.0,520922.40625,1853063.75,380719,False,0.003551473173966646,0.5071308435056647
original,Idle_Max,cicflowmeter,0.0,117569200.0,2226987.25,6648171.5,388657,False,0.006284077388460152,0.5301548029578036
original,Idle_Min,cicflowmeter,0.0,117569200.0,1158445.125,3742107.25,386135,False,0.003871752475873236,0.5339771232398163
original,Protocol,cicflowmeter,0.0,17.0,6.035767555236816,0.6418433785438538,3,False,0.06776909825946653,0.6381035702676636
original,Source_Port,cicflowmeter,0.0,65534.0,36951.81640625,18784.904296875,61008,False,0.01660909740342409,0.610296027897032
original,H_src_ip,entropy,0.0,4.199130535125732,0.03393888846039772,0.31133994460105896,27751,False,0.04471767847250652,0.9980964637133849
original,H_dst_ip,entropy,0.0,5.839285373687744,0.049384281039237976,0.46335697174072266,32547,False,0.04480552191312093,0.9983006203651041
original,H_dst_port,entropy,0.0,9.947784423828125,9.830503463745117,0.5510887503623962,28681,False,0.044512474351663944,0.9887991220185897
original,H_proto,entropy,0.0,1.1396123170852661,0.011826956644654274,0.09835154563188553,5420,False,0.0442241251361869,0.9907712402973747
original,H_pkt_len,entropy,0.0,4.446780681610107,0.03978359326720238,0.36059969663619995,29719,False,0.04428832265946536,0.9951885362842259
original,H_iat,entropy,0.0,6.1717987060546875,1.3791083097457886,1.6281968355178833,44992,False,0.02962128155453192,0.9512372516072136
original,H_tcp_flags,entropy,0.0,0.13005883991718292,0.0021335380151867867,0.008864108473062515,196,False,0.02352836835386074,0.9452900818534684
original,H_ttl,entropy,0.0,1.7763568394002505e-15,3.6607614716267295e-20,7.223225658943756e-18,4,False,0.0003958147079242691,0.5000211829785689
repaired,Destination_Port,cicflowmeter,0.0,65535.0,32609.51171875,19054.083984375,65524,False,0.03931110662896142,0.8347333214655512
repaired,Flow_Duration,cicflowmeter,1.0,119992888.0,5851066.0,17111222.0,431122,False,0.031150979732057715,0.7815143776563127
repaired,Total_Fwd_Packets,cicflowmeter,1.0,15614.0,2.9771928787231445,11.685327529907227,249,False,0.041460757951943816,0.5408550438091888
repaired,Total_Backward_Packets,cicflowmeter,0.0,8029.0,1.2299801111221313,7.933715343475342,336,False,0.011533889605921499,0.6719404520665402
repaired,Total_Length_of_Fwd_Packets,cicflowmeter,0.0,208524.0,26.11788558959961,386.33502197265625,2744,False,0.04215969444919354,0.6857029800775094
repaired,Total_Length_of_Bwd_Packets,cicflowmeter,0.0,12892434.0,75.93939971923828,12329.5849609375,3207,False,0.023467162125974328,0.6988798186100829
repaired,Fwd_Packet_Length_Max,cicflowmeter,0.0,3625.0,7.870426654815674,45.136714935302734,1283,False,0.04279167472008849,0.7453726912261258
repaired,Fwd_Packet_Length_Min,cicflowmeter,0.0,2033.0,6.416391372680664,13.277728080749512,106,False,0.046239511390907984,0.5412657437146294
repaired,Fwd_Packet_Length_Mean,cicflowmeter,0.0,2033.0,6.670101165771484,15.397396087646484,3658,False,0.05100704462317507,0.7393111599187332
repaired,Fwd_Packet_Length_Std,cicflowmeter,0.0,1386.6363525390625,0.4454229772090912,12.977679252624512,3896,False,0.013946645937197744,0.6757072858473461
repaired,Bwd_Packet_Length_Max,cicflowmeter,0.0,3627.0,5.697152137756348,79.37950134277344,794,False,0.022514440881356013,0.7034490520979898
repaired,Bwd_Packet_Length_Min,cicflowmeter,0.0,1460.0,2.8685383796691895,6.083736896514893,176,False,0.020487307848829572,0.5776905303874338
repaired,Bwd_Packet_Length_Mean,cicflowmeter,0.0,1848.7894287109375,3.577296733856201,24.30332374572754,3881,False,0.023190081227725368,0.7033547942253398
repaired,Bwd_Packet_Length_Std,cicflowmeter,0.0,1166.2626953125,0.8495054244995117,23.45408058166504,3937,False,0.0074758231575470235,0.5970801856495126
repaired,Flow_Bytes_s,cicflowmeter,0.0,1734000000.0,5432285.5,13380114.0,442240,False,0.04335599753963715,0.7704526852738371
repaired,Flow_Packets_s,cicflowmeter,0.03571637347340584,4000000.0,852924.0,949536.75,440458,False,0.051129406205995376,0.7691811193802259
repaired,Flow_IAT_Mean,cicflowmeter,0.3333333432674408,51200016.0,505846.78125,1519691.25,441329,False,0.029451641980201226,0.766826964058344
repaired,Flow_IAT_Std,cicflowmeter,0.0,64659444.0,843518.375,2484850.0,447599,False,0.026608645717796642,0.7482009819458688
repaired,Flow_IAT_Max,cicflowmeter,1.0,117569200.0,2247553.25,6647751.0,430198,False,0.03225028449219247,0.7762043591899875
repaired,Flow_IAT_Min,cicflowmeter,0.0,51200016.0,501.7608337402344,106764.6484375,1698,False,0.010266127258080071,0.6814796134774065
repaired,Fwd_IAT_Total,cicflowmeter,0.0,119992888.0,5847989.0,17110422.0,422930,False,0.020968793240869754,0.6236446962602004
repaired,Fwd_IAT_Mean,cicflowmeter,0.0,51200016.0,679871.625,1969575.875,427483,False,0.017916497852844104,0.6076357462209698
repaired,Fwd_IAT_Std,cicflowmeter,0.0,67905824.0,935240.1875,2750029.75,434199,False,0.008811968115462143,0.6005498808455287
repaired,Fwd_IAT_Max,cicflowmeter,0.0,117616336.0,2245994.0,6647304.0,421786,False,0.021994490647088805,0.6168143770890613
repaired,Fwd_IAT_Min,cicflowmeter,0.0,51200016.0,492.228759765625,106819.40625,519,False,0.010470513989790264,0.5503627489132616
repaired,Bwd_IAT_Total,cicflowmeter,0.0,119941048.0,2187884.0,9812873.0,232989,False,0.014146340610558528,0.7095144298007884
repaired,Bwd_IAT_Mean,cicflowmeter,0.0,50186792.0,448943.375,2035259.5,235395,False,0.011876120513826027,0.7022320741958303
repaired,Bwd_IAT_Std,cicflowmeter,0.0,70974840.0,768787.5625,3519382.75,236871,False,0.005410608982799769,0.5893789952526192
repaired,Bwd_IAT_Max,cicflowmeter,0.0,117633432.0,1615630.625,7230163.0,232359,False,0.014568241197679188,0.7065889720837742
repaired,Bwd_IAT_Min,cicflowmeter,0.0,258.0,1.767724871635437,7.76615571975708,154,False,0.007276005547126263,0.6739325000609913
repaired,Fwd_PSH_Flags,cicflowmeter,0.0,1.0,0.0014236405258998275,0.03770429641008377,2,False,0.0066573015524801216,0.5822594197903384
repaired,Bwd_PSH_Flags,cicflowmeter,0.0,0.0,0.0,0.0,1,True,0.0,0.5
repaired,Fwd_URG_Flags,cicflowmeter,0.0,0.0,0.0,0.0,1,True,0.0,0.5
repaired,Bwd_URG_Flags,cicflowmeter,0.0,0.0,0.0,0.0,1,True,0.0,0.5
repaired,Fwd_Header_Length,cicflowmeter,0.0,148752.0,59.78539276123047,138.80709838867188,566,False,0.040198567844651145,0.6003812454376987
repaired,Bwd_Header_Length,cicflowmeter,0.0,256944.0,25.228572845458984,216.03128051757812,712,False,0.018387681456111804,0.6950706027760365
repaired,Fwd_Packets_s,cicflowmeter,0.009962762705981731,3000000.0,844776.25,956174.4375,435630,False,0.05065177245997954,0.7745932717271284
repaired,Bwd_Packets_s,cicflowmeter,0.0,2000000.0,8147.7900390625,18733.5703125,346030,False,0.02788677548910823,0.562392658545398
repaired,Min_Packet_Length,cicflowmeter,0.0,1017.0,6.406470775604248,12.88808536529541,82,False,0.0462139687284675,0.5453987125729518
repaired,Max_Packet_Length,cicflowmeter,0.0,3627.0,9.684443473815918,84.03997039794922,1200,False,0.039372160933204614,0.7605202912766986
repaired,Packet_Length_Mean,cicflowmeter,0.0,1721.142822265625,6.9871296882629395,20.107208251953125,5088,False,0.052098799777740123,0.7467280425162379
repaired,Packet_Length_Std,cicflowmeter,0.0,1200.5487060546875,0.8963785767555237,21.592363357543945,5085,False,0.0300679732543625,0.8356096060935798
repaired,Packet_Length_Variance,cicflowmeter,0.0,1441317.25,467.0337829589844,15298.513671875,5085,False,0.030060230750538097,0.8356096060935798
repaired,FIN_Flag_Count,cicflowmeter,0.0,0.0,0.0,0.0,1,True,0.0,0.5
repaired,SYN_Flag_Count,cicflowmeter,0.0,1.0,0.00022251346672419459,0.0149152260273695,2,False,0.0,0.5022039694352674
repaired,RST_Flag_Count,cicflowmeter,0.0,1.0,0.0014236405258998275,0.03770429641008377,2,False,0.006292037762801739,0.5822594197903384
repaired,PSH_Flag_Count,cicflowmeter,0.0,0.0,0.0,0.0,1,True,0.00014444796326029685,0.5
repaired,ACK_Flag_Count,cicflowmeter,0.0,1.0,0.9917344450950623,0.09053873270750046,2,False,0.08127519454699783,0.8937879145558865
repaired,URG_Flag_Count,cicflowmeter,0.0,1.0,0.004702581092715263,0.06841393560171127,2,False,0.018251121846909135,0.7319501792610926
repaired,CWE_Flag_Count,cicflowmeter,0.0,1.0,0.002435394562780857,0.04928959161043167,2,False,0.008367637864420407,0.6134356225348432
repaired,ECE_Flag_Count,cicflowmeter,0.0,0.0,0.0,0.0,1,True,0.00016234777160839542,0.5
repaired,Down_Up_Ratio,cicflowmeter,0.0,15.0,0.3532413840293884,0.4875362515449524,14,False,0.02175229595686956,0.6471635980699767
repaired,Average_Packet_Size,cicflowmeter,0.0,2007.5,9.399211883544922,25.19088363647461,5129,False,0.04780592767520042,0.7586009285617558
repaired,Avg_Fwd_Segment_Size,cicflowmeter,0.0,2033.0,6.670101165771484,15.397396087646484,3658,False,0.051597901591757256,0.7393111599187332
repaired,Avg_Bwd_Segment_Size,cicflowmeter,0.0,1848.7894287109375,3.577296733856201,24.30332374572754,3881,False,0.022939606549310376,0.7033547942253398
repaired,Fwd_Header_Length_2,cicflowmeter,0.0,148752.0,59.78539276123047,138.80709838867188,566,False,0.04035360546869793,0.6003812454376987
repaired,Fwd_Avg_Bytes_Bulk,cicflowmeter,0.0,0.0,0.0,0.0,1,True,7.118354286139716e-05,0.5
repaired,Fwd_Avg_Packets_Bulk,cicflowmeter,0.0,0.0,0.0,0.0,1,True,0.00017892718527856566,0.5
repaired,Fwd_Avg_Bulk_Rate,cicflowmeter,0.0,0.0,0.0,0.0,1,True,0.0,0.5
repaired,Bwd_Avg_Bytes_Bulk,cicflowmeter,0.0,0.0,0.0,0.0,1,True,0.0,0.5
repaired,Bwd_Avg_Packets_Bulk,cicflowmeter,0.0,0.0,0.0,0.0,1,True,0.0,0.5
repaired,Bwd_Avg_Bulk_Rate,cicflowmeter,0.0,0.0,0.0,0.0,1,True,0.00027052378188341386,0.5
repaired,Subflow_Fwd_Packets,cicflowmeter,1.0,15614.0,2.9771928787231445,11.685327529907227,249,False,0.04138473499961126,0.5408550438091888
repaired,Subflow_Fwd_Bytes,cicflowmeter,0.0,208524.0,26.11788558959961,386.33502197265625,2744,False,0.04197911413656241,0.6857029800775094
repaired,Subflow_Bwd_Packets,cicflowmeter,0.0,8029.0,1.2299801111221313,7.933715343475342,336,False,0.011313540269191624,0.6719404520665402
repaired,Subflow_Bwd_Bytes,cicflowmeter,0.0,12892434.0,75.93939971923828,12329.5849609375,3207,False,0.023523575583612732,0.6988798186100829
repaired,Init_Win_bytes_forward,cicflowmeter,-1.0,65535.0,5835.1318359375,1133.1112060546875,1299,False,0.09722465328780427,0.697095313935639
repaired,Init_Win_bytes_backward,cicflowmeter,-1.0,65535.0,24.467491149902344,961.10791015625,1019,False,0.018605401334749194,0.5801948955747904
repaired,act_data_pkt_fwd,cicflowmeter,0.0,3888.0,1.9336516857147217,4.129005432128906,203,False,0.033598540645970676,0.5356721796507412
repaired,min_seg_size_forward,cicflowmeter,0.0,44.0,20.04695701599121,0.8364893198013306,7,False,0.05832763057581325,0.6659535760300563
repaired,Active_Mean,cicflowmeter,0.0,40789148.0,14166.9208984375,147762.390625,70156,False,0.003235888887405225,0.5360571909800611
repaired,Active_Std,cicflowmeter,0.0,14508515.0,22603.748046875,204058.8125,105028,False,0.002211476618139918,0.5219596217218136
repaired,Active_Max,cicflowmeter,0.0,40789148.0,45085.06640625,398052.25,67292,False,0.004170454473198526,0.5357993537469983
repaired,Active_Min,cicflowmeter,0.0,40789148.0,1543.9366455078125,83402.2421875,5297,False,0.006645361607055422,0.5389114845619551
repaired,Idle_Mean,cicflowmeter,0.0,117569200.0,1652631.5,4958605.5,393857,False,0.004443300573250708,0.5296965522605002
repaired,Idle_Std,cicflowmeter,0.0,69614024.0,520922.40625,1853063.75,380719,False,0.003328776969087177,0.5087294851673407
repaired,Idle_Max,cicflowmeter,0.0,117569200.0,2226987.25,6648171.5,388657,False,0.006338457928316998,0.529468027903502
repaired,Idle_Min,cicflowmeter,0.0,117569200.0,1158445.125,3742107.25,386135,False,0.0040660222076959185,0.5330098203149426
repaired,Protocol,cicflowmeter,0.0,17.0,6.035767555236816,0.6418433785438538,3,False,0.06917470047743834,0.6427185734478289
repaired,Source_Port,cicflowmeter,0.0,65534.0,36951.81640625,18784.904296875,61008,False,0.016440496452756914,0.6104315262624873
repaired,H_src_ip,entropy,0.0,4.199130535125732,0.03393888846039772,0.31133994460105896,27751,False,0.04451882615885727,0.9983357162507935
repaired,H_dst_ip,entropy,0.0,5.839285373687744,0.049384281039237976,0.46335697174072266,32547,False,0.044459832481939854,0.9985559685994657
repaired,H_dst_port,entropy,0.0,9.947784423828125,9.830503463745117,0.5510887503623962,28681,False,0.04448177093155847,0.9902283139529768
repaired,H_proto,entropy,0.0,1.1396123170852661,0.011826956644654274,0.09835154563188553,5420,False,0.04404960708298433,0.9922363693497831
repaired,H_pkt_len,entropy,0.0,4.446780681610107,0.03978359326720238,0.36059969663619995,29719,False,0.044233274317068694,0.995396975642103
repaired,H_iat,entropy,0.0,6.1717987060546875,1.3791083097457886,1.6281968355178833,44992,False,0.02924561264456471,0.9507952735856428
repaired,H_tcp_flags,entropy,0.0,0.13005883991718292,0.0021335380151867867,0.008864108473062515,196,False,0.023916397851974303,0.947144614355631
repaired,H_src_port,entropy,0.0,9.965784072875977,9.9392728805542,0.24501216411590576,26420,False,0.06022726596302197,0.9876289382361279
