t,cpu_percent,rss_gb,threads
1789978477.8267756,0.0,0.176055908203125,42
1789978478.0892248,88.1,0.17618942260742188,44
1789978478.3464563,88.4,0.17625045776367188,44
1789978478.6032264,93.8,0.17632293701171875,44
1789978478.8582523,118.8,0.17312240600585938,44
1789978479.1148574,94.0,0.1732177734375,44
1789978479.371084,106.2,0.17328262329101562,44
1789978479.6275885,94.0,0.17334365844726562,44
1789978479.8834128,100.0,0.1731719970703125,44
1789978480.140373,100.0,0.17322921752929688,44
1789978480.3975852,94.3,0.17327117919921875,44
1789978480.653823,112.5,0.17331695556640625,44
1789978480.9105518,82.2,0.1730804443359375,44
1789978481.16571,100.0,0.17317962646484375,44
1789978481.4268324,94.0,0.173248291015625,44
1789978481.6869187,87.5,0.17329025268554688,44
1789978481.9440882,88.4,0.17314910888671875,44
1789978482.2007184,93.8,0.17324066162109375,44
1789978482.4574983,88.1,0.17327499389648438,44
1789978482.7144566,106.2,0.17331314086914062,44
1789978482.9730113,100.2,0.17322540283203125,44
1789978483.237461,82.2,0.17324447631835938,44
1789978483.49322,93.8,0.17327117919921875,44
1789978483.7507818,93.8,0.173309326171875,44
1789978484.0073013,94.0,0.17322540283203125,44
1789978484.263152,100.0,0.1732940673828125,44
1789978484.5199203,88.4,0.173309326171875,44
1789978484.7775197,118.8,0.173309326171875,44
1789978485.0366096,94.0,0.173126220703125,44
1789978485.292413,100.0,0.17322158813476562,44
1789978485.5477197,118.8,0.17327117919921875,44
1789978485.8048358,82.2,0.17330169677734375,44
1789978486.0610049,118.8,0.17317962646484375,44
1789978486.3162992,106.1,0.17322540283203125,44
1789978486.5734372,100.0,0.17327880859375,44
1789978486.835362,99.9,0.173309326171875,44
1789978487.090913,100.0,0.1732330322265625,44
1789978487.3476253,100.2,0.17327117919921875,44
1789978487.6048546,100.0,0.17331314086914062,44
1789978487.8614933,94.0,0.17332077026367188,44
1789978488.1175718,81.2,0.17313766479492188,44
1789978488.3741813,112.5,0.17325592041015625,44
1789978488.6316748,88.1,0.17333221435546875,44
1789978488.8878016,100.0,0.17341995239257812,44
1789978489.1449974,94.3,0.17321395874023438,44
1789978489.4007387,100.0,0.17327117919921875,44
1789978489.658478,99.9,0.17333221435546875,44
1789978489.9179978,106.2,0.17321014404296875,44
1789978490.1731894,118.8,0.17327499389648438,44
1789978490.4288375,94.0,0.17330551147460938,44
1789978490.6901124,106.1,0.17333984375,44
1789978490.9472983,106.2,0.1732177734375,44
1789978491.2039754,118.8,0.1732635498046875,44
1789978491.4604404,105.7,0.17333602905273438,44
1789978491.717466,106.2,0.17340469360351562,44
1789978491.9761333,112.0,0.1732025146484375,44
1789978492.2325065,112.5,0.17333602905273438,44
1789978492.4881322,88.1,0.17339324951171875,44
1789978492.7451887,112.5,0.17340850830078125,44
1789978493.000064,100.0,0.17325592041015625,44
1789978493.2567682,88.1,0.17332839965820312,44
1789978493.5135994,112.5,0.17335891723632812,44
1789978493.7711625,94.3,0.17338943481445312,44
1789978494.0288513,112.5,0.17327117919921875,44
1789978494.285616,105.7,0.17336273193359375,44
1789978494.5426273,106.2,0.17337799072265625,44
1789978494.7978027,118.8,0.17341232299804688,44
1789978495.0539076,105.7,0.17336654663085938,44
1789978495.3108318,112.5,0.17343521118164062,44
1789978495.5657403,88.4,0.17345428466796875,44
1789978495.8227384,93.8,0.17345428466796875,44
1789978496.0821657,99.9,0.173248291015625,44
1789978496.3390884,87.5,0.173309326171875,44
1789978496.5961974,106.1,0.17335128784179688,44
1789978496.852632,106.2,0.17335128784179688,44
1789978497.1101148,106.2,0.17333984375,44
1789978497.3652003,94.0,0.17342758178710938,44
1789978497.6217732,100.0,0.17348480224609375,44
1789978497.8780541,105.7,0.17348480224609375,44
1789978498.1441076,100.2,0.17335891723632812,44
1789978498.4040375,81.2,0.17340850830078125,44
1789978498.6595688,99.9,0.173431396484375,44
1789978498.915958,118.8,0.173431396484375,44
1789978499.1716168,112.5,0.17331695556640625,44
1789978499.426789,94.0,0.17337799072265625,44
1789978499.6860316,106.2,0.17343902587890625,44
1789978499.9617527,83.4,0.17343902587890625,44
1789978500.2196038,106.2,0.17335128784179688,44
1789978500.4766319,94.3,0.17341232299804688,44
1789978500.7331712,106.2,0.17344284057617188,44
1789978500.9893117,88.1,0.17348098754882812,44
1789978501.2461712,100.0,0.1732940673828125,44
1789978501.5020869,99.9,0.17337799072265625,44
1789978501.757276,100.0,0.17340087890625,44
1789978502.0139174,118.8,0.17340087890625,44
1789978502.269901,100.2,0.17337799072265625,44
1789978502.5254107,100.0,0.17340469360351562,44
1789978502.7819848,93.8,0.1734466552734375,44
1789978503.0391548,99.9,0.17348098754882812,44
1789978503.2947614,106.2,0.17341995239257812,44
1789978503.5500417,99.9,0.17345809936523438,44
1789978503.8099384,106.2,0.1734771728515625,44
1789978504.0682223,106.1,0.17326736450195312,44
1789978504.3460765,94.5,0.17337417602539062,44
1789978504.6063948,106.2,0.17342758178710938,44
1789978504.8626378,105.7,0.1734466552734375,44
1789978505.122183,100.0,0.17332839965820312,44
1789978505.377801,105.7,0.17341995239257812,44
1789978505.6342854,106.2,0.17345046997070312,44
1789978505.8904266,112.5,0.17348861694335938,44
1789978506.1537733,88.4,0.17336273193359375,44
1789978506.4110024,105.7,0.17358779907226562,46
1789978506.667045,106.2,0.17363739013671875,46
1789978506.9228854,112.5,0.17363739013671875,46
1789978507.1790354,94.0,0.173492431640625,46
1789978507.4348555,125.0,0.17353439331054688,46
1789978507.709322,105.6,0.17359161376953125,46
1789978507.9672658,118.8,0.17362213134765625,46
1789978508.2238407,94.3,0.17354583740234375,46
1789978508.4809203,112.5,0.17361831665039062,46
1789978508.7381618,99.9,0.17363739013671875,46
1789978508.9957252,100.0,0.17364120483398438,46
1789978509.2523932,111.6,0.17358016967773438,46
1789978509.5092869,100.0,0.17363739013671875,46
1789978509.7662773,131.2,0.17364120483398438,46
1789978510.0242004,94.3,0.17364120483398438,46
1789978510.2832832,105.7,0.17354583740234375,46
1789978510.540602,100.0,0.17365646362304688,46
1789978510.7973053,87.5,0.17367172241210938,46
1789978511.0544333,94.0,0.17367172241210938,46
1789978511.313266,106.2,0.17356491088867188,46
1789978511.5873477,100.1,0.17364501953125,46
1789978511.8479416,100.2,0.17365646362304688,46
1789978512.1127362,99.9,0.1736602783203125,46
1789978512.3689818,100.0,0.1735382080078125,46
1789978512.6269152,105.7,0.17360687255859375,46
1789978512.8831155,106.2,0.17361831665039062,46
1789978513.140269,106.2,0.17361831665039062,46
1789978513.3959768,100.2,0.17358016967773438,46
1789978513.652305,106.2,0.17365264892578125,46
1789978513.907553,106.2,0.17366790771484375,46
1789978514.163344,94.0,0.17359161376953125,46
1789978514.4193757,112.5,0.17366409301757812,46
1789978514.675398,94.0,0.17369461059570312,46
1789978514.9336958,100.0,0.17369842529296875,46
1789978515.1913023,100.2,0.17351531982421875,46
1789978515.4481485,112.5,0.173614501953125,46
1789978515.7066264,94.0,0.17364883422851562,46
1789978515.9629486,106.2,0.17368316650390625,46
1789978516.220059,118.8,0.17359542846679688,46
1789978516.476831,88.4,0.17364120483398438,46
1789978516.7341714,93.8,0.17368698120117188,46
1789978516.990758,94.0,0.17371368408203125,46
1789978517.2470586,106.2,0.17362213134765625,46
1789978517.5083504,99.9,0.1736907958984375,46
1789978517.7640064,112.5,0.1737060546875,46
1789978518.0206282,100.2,0.17370986938476562,46
1789978518.2767723,93.8,0.1736297607421875,46
1789978518.5332084,94.0,0.17367935180664062,46
1789978518.7998433,99.9,0.17369461059570312,46
1789978519.055573,100.0,0.17371749877929688,46
1789978519.313272,112.5,0.17364120483398438,46
1789978519.5754187,94.3,0.1737060546875,46
1789978519.8320093,94.0,0.17373275756835938,46
1789978520.0898554,106.2,0.173736572265625,46
1789978520.346598,94.3,0.17369842529296875,46
1789978520.6026688,106.2,0.17372894287109375,46
1789978520.8586483,106.2,0.17374038696289062,46
1789978521.1151938,105.7,0.17374420166015625,46
1789978521.3715837,100.0,0.17367935180664062,46
1789978521.6275392,99.9,0.17373275756835938,46
1789978521.885055,106.2,0.17374420166015625,46
1789978522.1416068,106.2,0.17374420166015625,46
1789978522.3991096,100.2,0.17369842529296875,46
1789978522.6549034,112.5,0.1737518310546875,46
1789978522.9116557,94.0,0.17377471923828125,46
1789978523.1666265,100.0,0.17377471923828125,46
1789978523.4223425,106.2,0.17372894287109375,46
1789978523.7340286,100.2,0.17377471923828125,46
1789978524.036167,94.8,0.17378616333007812,46
1789978524.2916193,106.2,0.173675537109375,46
1789978524.547992,112.5,0.17374038696289062,46
1789978524.8075693,94.0,0.17377471923828125,46
1789978525.0636492,106.2,0.17379379272460938,46
1789978525.320417,94.3,0.17367935180664062,46
1789978525.5786593,125.0,0.17372512817382812,46
1789978525.838139,94.0,0.17375946044921875,46
1789978526.0952122,106.2,0.17380142211914062,46
1789978526.352286,100.2,0.17371749877929688,46
1789978526.6092134,106.2,0.173797607421875,46
1789978526.8658476,99.9,0.17380523681640625,46
1789978527.1228373,100.0,0.17380905151367188,46
1789978527.3798566,111.6,0.173736572265625,46
1789978527.636093,112.5,0.1737823486328125,46
1789978527.8919306,112.5,0.173797607421875,46
1789978528.1486685,100.2,0.17381668090820312,46
1789978528.4050148,112.5,0.17372512817382812,46
1789978528.6631436,94.0,0.17378616333007812,46
1789978528.9201455,106.2,0.17380523681640625,46
1789978529.1756036,94.0,0.17380905151367188,46
1789978529.434012,112.5,0.17380523681640625,46
1789978529.692018,94.3,0.17383193969726562,46
1789978529.9492457,93.8,0.17383575439453125,46
1789978530.2065642,99.9,0.17383575439453125,46
1789978530.4622471,100.0,0.17378997802734375,46
1789978530.7173843,106.2,0.17383956909179688,46
1789978530.973493,94.3,0.1738433837890625,46
1789978531.229354,106.2,0.1738433837890625,46
1789978531.485651,112.5,0.173797607421875,46
1789978531.7891953,74.9,0.17383193969726562,46
1789978532.0577636,105.7,0.17385101318359375,46
1789978532.314706,94.3,0.17385482788085938,46
1789978532.5710003,106.2,0.173858642578125,46
1789978532.8267722,112.5,0.17386627197265625,46
1789978533.0952353,105.7,0.17386627197265625,46
1789978533.35548,106.1,0.17375946044921875,46
1789978533.6118288,105.7,0.173797607421875,46
1789978533.8669896,106.2,0.17387008666992188,46
1789978534.124363,118.8,0.1738739013671875,46
1789978534.380204,105.7,0.17381668090820312,46
1789978534.637917,118.8,0.17388153076171875,46
1789978534.8943517,106.1,0.17390060424804688,46
1789978535.1499867,106.2,0.17390060424804688,46
1789978535.4061217,106.2,0.1738128662109375,46
1789978535.67346,99.9,0.17388153076171875,46
1789978535.9365988,111.6,0.1738739013671875,44
1789978536.1922288,94.3,0.1738739013671875,44
1789978536.4482708,93.8,0.17380523681640625,44
1789978536.7045658,106.2,0.17385101318359375,44
1789978536.9606516,105.7,0.17388153076171875,44
1789978537.2156086,106.2,0.17388534545898438,44
1789978537.4707253,88.4,0.173797607421875,44
1789978537.7258914,125.0,0.17387771606445312,44
1789978537.9817116,118.8,0.17389297485351562,44
1789978538.2376661,94.0,0.17390060424804688,44
1789978538.4974198,100.0,0.17383575439453125,44
1789978538.7601104,99.9,0.17387771606445312,44
1789978539.0165348,100.0,0.1739044189453125,44
1789978539.2752051,94.3,0.17390823364257812,44
1789978539.5311408,106.2,0.17380905151367188,44
1789978539.786649,99.9,0.17388916015625,44
1789978540.0445209,106.2,0.17391204833984375,44
1789978540.3017652,105.7,0.17391586303710938,44
1789978540.5574017,100.0,0.17386627197265625,44
1789978540.8128793,106.2,0.173919677734375,44
1789978541.0702064,94.3,0.17392730712890625,44
1789978541.3295214,106.2,0.17393112182617188,44
1789978541.5865207,94.0,0.17384719848632812,44
1789978541.8434446,118.8,0.173919677734375,44
1789978542.099652,88.4,0.1739349365234375,44
1789978542.3713686,99.9,0.17393875122070312,44
1789978542.6306422,99.9,0.17386627197265625,44
1789978542.8892305,112.5,0.17393112182617188,44
1789978543.1483681,94.3,0.1739501953125,44
1789978543.4055827,112.5,0.1739501953125,44
1789978543.6616576,99.9,0.17388534545898438,44
1789978543.9194412,106.2,0.17394256591796875,44
1789978544.213855,84.2,0.17396163940429688,44
1789978544.4809911,106.1,0.17385482788085938,44
1789978544.7363155,117.5,0.17393112182617188,44
1789978544.9985342,112.5,0.17396926879882812,44
1789978545.2546055,94.0,0.17397308349609375,44
1789978545.5135803,112.5,0.173858642578125,44
1789978545.7703924,88.4,0.17393112182617188,44
1789978546.0353553,99.9,0.17397689819335938,44
1789978546.291558,118.8,0.173980712890625,44
1789978546.5470078,112.5,0.17390823364257812,44
1789978546.8091085,94.0,0.17395782470703125,44
1789978547.066421,100.2,0.17398452758789062,44
1789978547.3231313,100.0,0.17398834228515625,43
1789978547.5782604,93.8,0.17386245727539062,43
1789978547.83476,94.0,0.17392349243164062,43
1789978548.0984526,94.3,0.17392730712890625,43
1789978548.353916,93.8,0.17392730712890625,43
1789978548.6104798,106.2,0.17388916015625,43
1789978548.865697,88.1,0.1739654541015625,43
1789978549.1212633,93.8,0.1739654541015625,43
1789978549.3786204,88.1,0.17396926879882812,43
1789978549.6351678,87.5,0.17391586303710938,43
1789978549.891905,100.0,0.17397308349609375,43
1789978550.1484551,88.4,0.17397689819335938,43
1789978550.4088554,94.0,0.173980712890625,43
1789978550.6656673,100.0,0.1739349365234375,43
1789978550.922762,106.2,0.17399215698242188,43
1789978551.1799424,82.2,0.17399215698242188,43
1789978551.4362006,100.0,0.1739959716796875,43
1789978551.6943436,94.3,0.17397689819335938,43
1789978551.9497654,93.8,0.17399978637695312,43
1789978552.208718,99.9,0.17400360107421875,43
1789978552.470006,93.8,0.17400360107421875,43
1789978552.7307923,88.4,0.17399215698242188,43
1789978552.9873245,99.9,0.17399215698242188,43
1789978553.2434614,93.8,0.17401123046875,43
1789978553.5008833,106.2,0.17401504516601562,43
1789978553.7578602,88.1,0.17401504516601562,43
1789978554.013542,100.0,0.17401885986328125,43
1789978554.2697878,94.3,0.17402267456054688,43
1789978554.5261917,81.2,0.17391204833984375,43
1789978554.782606,106.2,0.17401123046875,43
1789978555.0396018,94.0,0.17403030395507812,43
1789978555.2961724,100.0,0.17403030395507812,43
1789978555.5543644,88.1,0.17403030395507812,43
1789978555.8195293,100.2,0.17411422729492188,43
1789978556.0754433,93.8,0.1741180419921875,43
1789978556.3323426,94.0,0.17412185668945312,43
1789978556.5891404,93.8,0.17399215698242188,43
1789978556.8460073,100.2,0.17404556274414062,43
1789978557.1107416,100.0,0.17404556274414062,43
1789978557.3663902,94.0,0.1740570068359375,43
1789978557.6226852,93.8,0.17399978637695312,43
1789978557.878929,94.0,0.17406463623046875,43
1789978558.1345801,87.5,0.17406463623046875,43
1789978558.3906155,106.2,0.17406845092773438,43
1789978558.6509204,82.5,0.17402267456054688,43
1789978558.9067957,93.8,0.17407608032226562,43
1789978559.1625965,82.2,0.17407608032226562,43
1789978559.4179885,93.8,0.17407989501953125,43
1789978559.6760058,99.9,0.17404937744140625,43
1789978559.9325235,106.2,0.17408370971679688,43
1789978560.1940227,82.5,0.1740875244140625,43
1789978560.4488618,93.8,0.17409133911132812,43
1789978560.706325,99.9,0.17405319213867188,43
1789978560.9632819,93.8,0.17409515380859375,43
1789978561.2194934,106.2,0.17409896850585938,43
1789978561.477013,94.3,0.17409896850585938,43
1789978561.733343,87.5,0.17405319213867188,43
1789978561.990113,82.2,0.17410659790039062,43
1789978562.2461035,93.8,0.17410659790039062,43
1789978562.503116,94.0,0.17411041259765625,43
1789978562.7601361,100.0,0.1742401123046875,43
1789978563.0168884,100.0,0.174285888671875,43
1789978563.3212166,80.1,0.17428970336914062,43
1789978563.5771863,93.8,0.17429351806640625,43
1789978563.833373,94.0,0.1741485595703125,43
1789978564.089077,93.8,0.17415618896484375,43
1789978564.3448408,100.0,0.17415618896484375,43
1789978564.6005938,88.4,0.17416000366210938,43
1789978564.8565543,100.0,0.17415618896484375,43
1789978565.113358,99.9,0.174163818359375,43
1789978565.3697436,100.0,0.17416763305664062,43
1789978565.6371994,99.9,0.17417144775390625,43
1789978565.906784,100.2,0.17415618896484375,43
1789978566.1668532,94.0,0.17417526245117188,43
1789978566.4276347,94.0,0.17418289184570312,43
1789978566.6834457,100.0,0.17410659790039062,43
1789978566.939172,94.3,0.17419052124023438,43
1789978567.1981654,93.8,0.1741943359375,43
1789978567.4539318,100.0,0.1741943359375,43
1789978567.7123606,94.0,0.1741180419921875,43
1789978567.9682996,93.8,0.17418289184570312,43
1789978568.224316,94.3,0.17420196533203125,43
1789978568.4811833,93.8,0.17420578002929688,43
1789978568.7381403,99.9,0.17416000366210938,43
1789978568.994837,93.8,0.1742095947265625,43
1789978569.250543,100.0,0.17421340942382812,43
1789978569.5069063,94.0,0.17421340942382812,43
1789978569.7625768,100.0,0.17418670654296875,43
1789978570.0181994,94.3,0.17422103881835938,43
1789978570.2732294,93.8,0.174224853515625,43
1789978570.5294883,100.0,0.17423629760742188,43
1789978570.7856395,88.1,0.17422103881835938,43
1789978571.0428772,100.0,0.1742401123046875,43
1789978571.2987452,105.7,0.17424392700195312,43
1789978571.5686476,82.5,0.17424392700195312,43
1789978571.8245041,100.0,0.17422866821289062,43
1789978572.081279,88.1,0.17425155639648438,43
1789978572.3374798,100.0,0.17425537109375,43
1789978572.5939376,100.0,0.17425918579101562,43
1789978572.8576405,100.2,0.17423248291015625,43
1789978573.1158302,94.0,0.17426681518554688,43
1789978573.3919575,88.1,0.1742706298828125,43
1789978573.653204,88.4,0.17427444458007812,43
1789978573.9082112,94.0,0.17426681518554688,43
1789978574.1642659,100.0,0.17428207397460938,43
1789978574.420037,93.8,0.17428207397460938,43
1789978574.676297,99.9,0.174285888671875,43
1789978574.9333098,93.8,0.17428970336914062,43
1789978575.1889653,106.2,0.17428970336914062,43
1789978575.4789603,89.7,0.17429351806640625,43
1789978575.7368453,99.9,0.1742401123046875,43
1789978575.9945168,100.0,0.17430496215820312,43
1789978576.250368,93.8,0.17430877685546875,43
1789978576.5056772,94.0,0.17431259155273438,43
1789978576.7616239,93.8,0.17427444458007812,43
1789978577.0181835,94.3,0.17431640625,43
1789978577.274277,100.0,0.17432022094726562,43
1789978577.530213,93.8,0.17432022094726562,43
1789978577.787116,94.0,0.17427444458007812,43
1789978578.0426824,93.8,0.17432785034179688,43
1789978578.2983756,106.2,0.17432785034179688,43
1789978578.55436,94.0,0.1743316650390625,43
1789978578.810491,87.5,0.17427825927734375,43
1789978579.065881,100.2,0.17433547973632812,43
1789978579.3221412,100.0,0.17433929443359375,43
1789978579.6000528,94.5,0.17434310913085938,43
1789978579.857876,106.2,0.17431640625,43
1789978580.1155846,94.0,0.17435455322265625,43
1789978580.3731754,93.8,0.17435836791992188,43
1789978580.6288717,99.9,0.17436599731445312,43
1789978580.885087,100.0,0.17432022094726562,43
1789978581.1449425,94.3,0.17436981201171875,43
1789978581.4036942,106.2,0.17437362670898438,43
1789978581.660445,82.2,0.17437744140625,43
1789978581.9181957,87.5,0.17437744140625,43
1789978582.174413,88.1,0.17438507080078125,43
1789978582.4306662,100.0,0.17438888549804688,43
1789978582.6867476,100.0,0.1743927001953125,43
1789978582.9458077,76.7,0.17437744140625,43
1789978583.2015991,100.0,0.17440032958984375,43
1789978583.458157,82.2,0.17440032958984375,43
1789978583.7155373,100.0,0.17440414428710938,43
1789978583.9716232,100.2,0.17440032958984375,43
1789978584.2326934,100.0,0.174407958984375,43
1789978584.4909904,88.1,0.174407958984375,43
1789978584.7484658,87.5,0.174407958984375,43
1789978585.0077112,94.0,0.17438888549804688,43
1789978585.267386,70.8,0.174407958984375,43
1789978585.5337534,94.0,0.17441558837890625,43
1789978585.791226,100.0,0.1744232177734375,43
1789978586.0467687,87.5,0.17442703247070312,43
1789978586.302336,94.0,0.17443084716796875,43
1789978586.558436,100.0,0.17443466186523438,43
1789978586.815902,94.3,0.17438507080078125,43
1789978587.0924218,99.9,0.1744384765625,43
1789978587.349935,94.3,0.17444229125976562,43
1789978587.6057837,100.0,0.17444610595703125,43
1789978587.861453,94.0,0.17440414428710938,43
1789978588.1178744,81.2,0.17444992065429688,43
1789978588.373259,100.0,0.1744537353515625,43
1789978588.6296585,82.2,0.1744537353515625,43
1789978588.8851962,106.2,0.17441177368164062,43
1789978589.140867,93.8,0.17445755004882812,43
1789978589.3972764,88.4,0.17446136474609375,43
1789978589.6533365,100.0,0.17446517944335938,43
1789978589.9108546,88.1,0.17444229125976562,43
1789978590.169817,100.0,0.17447280883789062,43
1789978590.4261644,94.0,0.17447662353515625,43
1789978590.6824656,93.8,0.17447662353515625,43
1789978590.9391341,94.3,0.1746826171875,43
1789978591.1958153,100.0,0.17470932006835938,43
1789978591.4531577,106.2,0.174713134765625,43
1789978591.710907,94.0,0.17471694946289062,43
1789978591.9665084,106.2,0.174468994140625,43
1789978592.2232692,94.3,0.17449188232421875,43
1789978592.4788995,93.8,0.17449569702148438,43
1789978592.735423,93.8,0.17449569702148438,43
1789978592.9914625,94.0,0.17446517944335938,43
1789978593.248145,100.0,0.17450332641601562,43
1789978593.503776,94.0,0.17450332641601562,43
1789978593.759707,100.0,0.17450714111328125,43
1789978594.0163786,106.2,0.17450332641601562,43
1789978594.2718906,88.4,0.1745147705078125,43
1789978594.529764,106.2,0.1745147705078125,43
1789978594.7856889,94.0,0.17451858520507812,43
1789978595.041625,100.0,0.1745147705078125,43
1789978595.3077164,94.0,0.174530029296875,43
1789978595.5646248,94.3,0.17453384399414062,43
1789978595.8220105,100.0,0.17453384399414062,43
1789978596.0841403,94.0,0.174530029296875,43
1789978596.340634,100.0,0.17454147338867188,43
1789978596.6214406,94.5,0.17454147338867188,43
1789978596.8825521,99.9,0.17461395263671875,43
1789978597.1382837,87.5,0.17473220825195312,43
1789978597.3939567,94.3,0.17479324340820312,43
1789978597.6513393,100.0,0.1748046875,43
1789978597.9086518,94.0,0.17475128173828125,43
1789978598.1644957,87.5,0.17480087280273438,43
1789978598.4218118,100.0,0.1748046875,43
1789978598.6790783,94.0,0.17481231689453125,43
1789978598.9356468,100.0,0.17478561401367188,43
1789978599.191414,88.4,0.1748199462890625,43
1789978599.4469788,93.8,0.1748199462890625,43
1789978599.7028062,93.8,0.17482376098632812,43
1789978599.9587188,94.0,0.17480087280273438,43
1789978600.2247207,94.3,0.17482757568359375,43
1789978600.4824948,87.5,0.17483139038085938,43
1789978600.7387354,99.9,0.174835205078125,43
1789978601.0042436,82.2,0.17480850219726562,43
1789978601.2603533,100.0,0.17484283447265625,43
1789978601.5160906,106.2,0.17484664916992188,43
1789978601.772293,88.4,0.17485427856445312,43
1789978602.031497,100.0,0.17482757568359375,43
1789978602.2889726,94.0,0.17486190795898438,43
1789978602.544331,93.8,0.17486190795898438,43
1789978602.800823,94.0,0.1751251220703125,43
1789978603.0563118,93.8,0.1748504638671875,43
1789978603.3121715,93.8,0.17487335205078125,43
1789978603.5681078,88.4,0.17487716674804688,43
1789978603.8237312,100.0,0.1748809814453125,43
1789978604.0803466,99.9,0.17486953735351562,43
1789978604.3372896,100.0,0.17488479614257812,43
1789978604.5950172,93.8,0.174896240234375,43
1789978604.850452,88.4,0.17490005493164062,43
1789978605.1066113,100.0,0.174896240234375,43
1789978605.3646855,99.9,0.17490386962890625,43
1789978605.6220133,100.0,0.17490768432617188,43
1789978605.8907814,99.9,0.17490768432617188,43
1789978606.1473727,94.3,0.174896240234375,43
1789978606.4040818,93.8,0.1749114990234375,43
1789978606.6597958,94.0,0.17491531372070312,43
1789978606.928165,94.0,0.17491912841796875,43
1789978607.1853044,93.8,0.1749114990234375,43
1789978607.4412208,94.3,0.17492294311523438,43
1789978607.697019,93.8,0.17492294311523438,43
1789978607.9530535,93.8,0.17486953735351562,43
1789978608.2111475,88.1,0.17493820190429688,43
1789978608.4674945,100.0,0.17493820190429688,43
1789978608.7241054,94.3,0.1749420166015625,43
1789978608.9801705,93.8,0.17493057250976562,43
1789978609.2383814,94.0,0.17494583129882812,43
1789978609.4948523,100.0,0.17494964599609375,43
1789978609.7510633,93.8,0.1749267578125,41
1789978610.0066462,99.9,0.17478179931640625,41
1789978610.2621152,87.5,0.17481231689453125,41
1789978610.5178418,82.5,0.17481613159179688,41
1789978610.7735977,100.0,0.17481613159179688,41
1789978611.0298347,100.0,0.17479705810546875,41
1789978611.2871208,94.0,0.17483139038085938,41
1789978611.5576885,99.9,0.17483139038085938,41
1789978611.8156083,94.3,0.174835205078125,41
1789978612.0724072,100.0,0.1748199462890625,41
1789978612.3291996,106.2,0.17484283447265625,41
1789978612.5863366,94.0,0.17484664916992188,41
1789978612.8444297,106.2,0.1748504638671875,41
1789978613.1028388,94.3,0.174835205078125,41
1789978613.3581192,106.2,0.17485427856445312,41
1789978613.6141593,94.0,0.17485809326171875,41
1789978613.870393,100.0,0.17485809326171875,41
1789978614.1326642,99.9,0.17484664916992188,41
1789978614.398767,94.3,0.17487335205078125,41
1789978614.658241,94.0,0.17487716674804688,41
1789978614.914443,87.5,0.17487716674804688,41
1789978615.1710587,100.0,0.1748809814453125,41
1789978615.4275355,94.0,0.17488479614257812,41
1789978615.683871,100.0,0.17488479614257812,41
1789978615.9422016,94.3,0.17488861083984375,41
1789978616.1982236,100.0,0.1748809814453125,41
1789978616.454998,94.0,0.17489242553710938,41
1789978616.7182589,100.0,0.174896240234375,41
1789978616.974049,94.3,0.17490005493164062,41
1789978617.2306314,100.0,0.17490386962890625,41
1789978617.4876888,99.9,0.1749114990234375,41
1789978617.7430193,100.0,0.17491531372070312,41
1789978617.9991882,106.2,0.17491912841796875,41
1789978618.275517,94.5,0.17492294311523438,41
1789978618.5425606,76.4,0.17492294311523438,41
1789978618.797877,100.0,0.1749267578125,41
1789978619.0550506,88.1,0.17493438720703125,41
1789978619.3137622,87.5,0.17493438720703125,41
1789978619.5717144,94.3,0.17493820190429688,41
1789978619.8277714,93.8,0.1749420166015625,41
1789978620.0836456,94.0,0.17488861083984375,41
1789978620.3395708,93.8,0.17494583129882812,41
1789978620.59554,100.2,0.174957275390625,41
1789978620.852901,100.0,0.174957275390625,41
1789978621.1083755,100.0,0.1749114990234375,41
1789978621.365559,94.0,0.17496871948242188,41
1789978621.6315908,99.9,0.17496871948242188,41
1789978621.8892486,100.0,0.1749725341796875,41
1789978622.1466498,94.3,0.17494583129882812,41
1789978622.4038284,87.5,0.17497634887695312,41
1789978622.6612468,99.9,0.17497634887695312,41
1789978622.9204104,87.5,0.17497634887695312,41
1789978623.1776266,88.1,0.17496490478515625,41
1789978623.4350734,93.8,0.17498779296875,41
1789978623.6903906,100.2,0.17498779296875,41
1789978623.9465437,100.0,0.17499923706054688,41
1789978624.2038062,106.2,0.17498016357421875,41
1789978624.4611976,94.0,0.1750030517578125,41
1789978624.717399,100.0,0.17500686645507812,41
1789978624.9732869,88.4,0.17500686645507812,41
1789978625.228967,93.8,0.17500686645507812,41
1789978625.4858148,100.0,0.17501068115234375,41
1789978625.7418807,88.1,0.17501449584960938,41
1789978626.0107517,94.0,0.17501449584960938,41
1789978626.2784865,106.1,0.17501068115234375,41
1789978626.5352776,94.0,0.17502212524414062,41
1789978626.7909348,100.0,0.17502212524414062,41
1789978627.0472386,93.8,0.17502593994140625,41
1789978627.3047905,94.0,0.1750335693359375,41
1789978627.5665681,94.3,0.17503738403320312,41
1789978627.8219578,93.8,0.17504119873046875,41
